concello,wikidata,concelloNombre,qid,label,coord,lat,lon,imagen,web
http://example.org/resource/concello/15001,http://www.wikidata.org/entity/Q318323,15001,Q318323,Abegondo,Point(-8.288333333 43.2275),43.2275,-8.288333333,http://commons.wikimedia.org/wiki/Special:FilePath/Casa%20do%20Concello%20de%20Abegondo.jpg,http://www.abegondo.es
http://example.org/resource/concello/15002,http://www.wikidata.org/entity/Q1353997,15002,Q1353997,Ames,Point(-8.65 42.86),42.86,-8.65,http://commons.wikimedia.org/wiki/Special:FilePath/Bertamir%C3%A1ns%20-%20Ames%20GFDL19.jpg,https://www.concellodeames.gal
http://example.org/resource/concello/15002,http://www.wikidata.org/entity/Q1353997,15002,Q1353997,Ames,Point(-8.649594667 42.864976189),42.864976189,-8.649594667,http://commons.wikimedia.org/wiki/Special:FilePath/Bertamir%C3%A1ns%20-%20Ames%20GFDL19.jpg,https://www.concellodeames.gal
http://example.org/resource/concello/15002,http://www.wikidata.org/entity/Q1353997,15002,Q1353997,Ames,Point(-8.672325391 42.89015995),42.89015995,-8.672325391,http://commons.wikimedia.org/wiki/Special:FilePath/Bertamir%C3%A1ns%20-%20Ames%20GFDL19.jpg,https://www.concellodeames.gal
http://example.org/resource/concello/15003,http://www.wikidata.org/entity/Q1113417,15003,Q1113417,Aranga,Point(-8.015833333 43.233888888),43.233888888,-8.015833333,http://commons.wikimedia.org/wiki/Special:FilePath/ConcelloAranga.jpg,http://www.aranga.es/
http://example.org/resource/concello/15004,http://www.wikidata.org/entity/Q17416,15004,Q17416,Ares,Point(-8.2443445 43.4264195),43.4264195,-8.2443445,http://commons.wikimedia.org/wiki/Special:FilePath/Ares-ria18.jpg,http://www.concellodeares.gal
http://example.org/resource/concello/15005,http://www.wikidata.org/entity/Q996161,15005,Q996161,Arteijo,Point(-8.5 43.3),43.3,-8.5,http://commons.wikimedia.org/wiki/Special:FilePath/Casa%20do%20concello%20de%20Arteixo.JPG,http://www.arteixo.org/
http://example.org/resource/concello/15006,http://www.wikidata.org/entity/Q651676,15006,Q651676,Arzúa,Point(-8.16 42.93),42.93,-8.16,http://commons.wikimedia.org/wiki/Special:FilePath/Casa%20consistorial%20de%20Arz%C3%BAa.jpg,http://www.concellodearzua.org/
http://example.org/resource/concello/15007,http://www.wikidata.org/entity/Q1183411,15007,Q1183411,La Baña,Point(-8.766666666 42.966666666),42.966666666,-8.766666666,http://commons.wikimedia.org/wiki/Special:FilePath/A%20Ba%C3%B1a%2C%20concello%2001-01.jpg,https://concellodabana.gal/
http://example.org/resource/concello/15008,http://www.wikidata.org/entity/Q644018,15008,Q644018,Bergondo,Point(-8.233888888 43.319444444),43.319444444,-8.233888888,http://commons.wikimedia.org/wiki/Special:FilePath/Escalinata%20posterior%20Pazo%20Mari%C3%B1%C3%A1n%20II.jpg,http://www.concellodebergondo.com/
http://example.org/resource/concello/15009,http://www.wikidata.org/entity/Q671341,15009,Q671341,Betanzos,Point(-8.2106329 43.2791691),43.2791691,-8.2106329,http://commons.wikimedia.org/wiki/Special:FilePath/Iglesia%20de%20San%20Francisco%20de%20Betanzos.jpg,http://www.betanzos.es/
http://example.org/resource/concello/15010,http://www.wikidata.org/entity/Q692787,15010,Q692787,Boimorto,Point(-8.126944444 43.0075),43.0075,-8.126944444,http://commons.wikimedia.org/wiki/Special:FilePath/Igrexa%20de%20Santa%20Mar%C3%ADa%20de%20Sendelle%2C%20Boimorto.jpg,http://www.concellodeboimorto.es
http://example.org/resource/concello/15011,http://www.wikidata.org/entity/Q735282,15011,Q735282,Boiro,Point(-8.883333333 42.65),42.65,-8.883333333,http://commons.wikimedia.org/wiki/Special:FilePath/Barra%C3%B1a%20Boiro%20Galicia%20Spain%20GDFL017.jpg,http://www.boiro.org/
http://example.org/resource/concello/15012,http://www.wikidata.org/entity/Q1369014,15012,Q1369014,Boqueijón,Point(-8.416666666 42.816666666),42.816666666,-8.416666666,http://commons.wikimedia.org/wiki/Special:FilePath/Concello%20de%20Boqueix%C3%B3n.JPG,http://www.boqueixon.com
http://example.org/resource/concello/15013,http://www.wikidata.org/entity/Q1615466,15013,Q1615466,Brión,Point(-8.678333333 42.866666666),42.866666666,-8.678333333,http://commons.wikimedia.org/wiki/Special:FilePath/Bri%C3%B3n-Galicia%201.jpg,http://www.infobrion.com
http://example.org/resource/concello/15014,http://www.wikidata.org/entity/Q1368763,15014,Q1368763,Cabana de Bergantiños,Point(-8.914210959 43.1898049),43.1898049,-8.914210959,http://commons.wikimedia.org/wiki/Special:FilePath/Casa%20consistorial%20de%20Cabana%20de%20Berganti%C3%B1os.jpg,http://www.concello-cabana.com/
http://example.org/resource/concello/15015,http://www.wikidata.org/entity/Q974129,15015,Q974129,Cabañas,Point(-8.163801 43.421819),43.421819,-8.163801,http://commons.wikimedia.org/wiki/Special:FilePath/Cabanas.Ponte%20sobre%20o%20Eume.Galiza.jpg,http://cabanas.gal
http://example.org/resource/concello/15016,http://www.wikidata.org/entity/Q1373985,15016,Q1373985,Camariñas,Point(-9.185 43.13),43.13,-9.185,http://commons.wikimedia.org/wiki/Special:FilePath/Pleamar.jpg,https://camarinas.net/portal-cidadan/index/gl
http://example.org/resource/concello/15017,http://www.wikidata.org/entity/Q1113375,15017,Q1113375,Cambre,Point(-8.333333333 43.283333333),43.283333333,-8.333333333,http://commons.wikimedia.org/wiki/Special:FilePath/Cambre%20Galicia%20070330%2010.jpg,http://www.cambre.org
http://example.org/resource/concello/15017,http://www.wikidata.org/entity/Q1113375,15017,Q1113375,Cambre,Point(-8.333333333 43.283333333),43.283333333,-8.333333333,http://commons.wikimedia.org/wiki/Special:FilePath/Casa%20Concello%20Cambre.jpg,http://www.cambre.org
http://example.org/resource/concello/15018,http://www.wikidata.org/entity/Q581926,15018,Q581926,Capela,Point(-8.072222222 43.435277777),43.435277777,-8.072222222,http://commons.wikimedia.org/wiki/Special:FilePath/Mosteiro%20de%20San%20Xo%C3%A1n%20de%20Caaveiro.Galicia-Espa%C3%B1a.jpg,http://www.concellodacapela.es
http://example.org/resource/concello/15019,http://www.wikidata.org/entity/Q166137,15019,Q166137,Carballo,Point(-8.683333333 43.216666666),43.216666666,-8.683333333,http://commons.wikimedia.org/wiki/Special:FilePath/Carballo%20Galicia%20005.jpg,http://www.carballo.gal
http://example.org/resource/concello/15020,http://www.wikidata.org/entity/Q1368813,15020,Q1368813,Carnota,Point(-9.087222222 42.821111111),42.821111111,-9.087222222,http://commons.wikimedia.org/wiki/Special:FilePath/Casa%20consistorial%20de%20Carnota.jpg,http://www.concellocarnota.com/
http://example.org/resource/concello/15021,http://www.wikidata.org/entity/Q601352,15021,Q601352,Carral,Point(-8.3559999 43.229551),43.229551,-8.3559999,http://commons.wikimedia.org/wiki/Special:FilePath/Casa%20do%20Concello%20de%20Carral.JPG,https://www.carral.es/
http://example.org/resource/concello/15022,http://www.wikidata.org/entity/Q1113395,15022,Q1113395,Cedeira,Point(-8.05 43.65),43.65,-8.05,http://commons.wikimedia.org/wiki/Special:FilePath/Santoandr%C3%A9sdeteixido2.jpg,http://www.cedeira.es
http://example.org/resource/concello/15023,http://www.wikidata.org/entity/Q988707,15023,Q988707,Cee,Point(-9.19 42.955555555),42.955555555,-9.19,http://commons.wikimedia.org/wiki/Special:FilePath/Casa%20consistorial%20de%20Cee.jpg,https://www.cee.gal
http://example.org/resource/concello/15024,http://www.wikidata.org/entity/Q1369070,15024,Q1369070,Cerceda,Point(-8.470277777 43.188611111),43.188611111,-8.470277777,http://commons.wikimedia.org/wiki/Special:FilePath/La%20Cascada.jpg,http://www.cerceda.es
http://example.org/resource/concello/15027,http://www.wikidata.org/entity/Q527259,15027,Q527259,Coirós,Point(-8.147059621 43.2461652),43.2461652,-8.147059621,http://commons.wikimedia.org/wiki/Special:FilePath/P1090465%20Centro%20sociocultural%20Coir%C3%B3s.JPG,http://www.coiros.es
http://example.org/resource/concello/15028,http://www.wikidata.org/entity/Q581367,15028,Q581367,Corcubión,Point(-9.193333333 42.945833333),42.945833333,-9.193333333,http://commons.wikimedia.org/wiki/Special:FilePath/Edificios%20en%20Corcubi%C3%B3n%20-%20Galiza.jpg,http://www.corcubion.info
http://example.org/resource/concello/15029,http://www.wikidata.org/entity/Q1369028,15029,Q1369028,Coristanco,Point(-8.7403573 43.186309),43.186309,-8.7403573,http://commons.wikimedia.org/wiki/Special:FilePath/Coristanco%20%28Verdes%29%2C%20Galiza.jpg,http://www.coristanco.net/
http://example.org/resource/concello/15030,http://www.wikidata.org/entity/Q8757,15030,Q8757,La Coruña,Point(-8.400027032 43.37385694),43.37385694,-8.400027032,http://commons.wikimedia.org/wiki/Special:FilePath/Enseada%20do%20Orz%C3%A1n.jpg,https://www.coruna.gal/
http://example.org/resource/concello/15031,http://www.wikidata.org/entity/Q1113450,15031,Q1113450,Culleredo,Point(-8.411861131 43.27768315),43.27768315,-8.411861131,http://commons.wikimedia.org/wiki/Special:FilePath/Capela%20de%20San%20Cosme%20de%20Sesamo%20-%20Culleredo%20-%20A%20Coru%C3%B1a.jpg,http://www.culleredo.org/
http://example.org/resource/concello/15032,http://www.wikidata.org/entity/Q1373939,15032,Q1373939,Curtis,Point(-8.035555555 43.139166666),43.139166666,-8.035555555,http://commons.wikimedia.org/wiki/Special:FilePath/Casa%20do%20Concello%20de%20Curtis.JPG,http://www.curtis.gal/
http://example.org/resource/concello/15033,http://www.wikidata.org/entity/Q1368913,15033,Q1368913,Dodro,Point(-8.7148139 42.7154865),42.7154865,-8.7148139,http://commons.wikimedia.org/wiki/Special:FilePath/Torres%20de%20Lestrobe%20-%20Pazo%20de%20Hermida%20001.jpg,http://www.dodro.gal/
http://example.org/resource/concello/15034,http://www.wikidata.org/entity/Q549319,15034,Q549319,Dumbría,Point(-9.1179528 43.0104042),43.0104042,-9.1179528,http://commons.wikimedia.org/wiki/Special:FilePath/Casa%20consistorial%20de%20Dumbr%C3%ADa.jpg,
http://example.org/resource/concello/15035,http://www.wikidata.org/entity/Q1374025,15035,Q1374025,Fene,Point(-8.166666666 43.466666666),43.466666666,-8.166666666,http://commons.wikimedia.org/wiki/Special:FilePath/Punto%20negro%20na%20ponte%20das%20p%C3%ADas%20fene%20wikigl.jpg,https://fene.gal/portal-cidadan/index/gl
http://example.org/resource/concello/15036,http://www.wikidata.org/entity/Q485329,15036,Q485329,Ferrol,Point(-8.232777777 43.484444444),43.484444444,-8.232777777,http://commons.wikimedia.org/wiki/Special:FilePath/Ferrol-021.jpg,https://www.ferrol.gal/
http://example.org/resource/concello/15037,http://www.wikidata.org/entity/Q732090,15037,Q732090,Finisterre,Point(-9.262777777 42.908611111),42.908611111,-9.262777777,http://commons.wikimedia.org/wiki/Special:FilePath/Vista%20Fisterra.jpg,http://www.concellofisterra.com
http://example.org/resource/concello/15038,http://www.wikidata.org/entity/Q1616172,15038,Q1616172,Frades,Point(-8.283690206 43.04954355),43.04954355,-8.283690206,http://commons.wikimedia.org/wiki/Special:FilePath/Ponte%20Carreira.%20Gafoi%20%28Santa%20Mari%C3%B1a%29.%20Frades.%20Galicia%20009.jpg,https://frades.gal/
http://example.org/resource/concello/15039,http://www.wikidata.org/entity/Q1620170,15039,Q1620170,Irijoa,Point(-8.048738686 43.2877263),43.2877263,-8.048738686,http://commons.wikimedia.org/wiki/Special:FilePath/Mirador%20do%20Pico%20de%20Vales%20I%20-%20panoramio.jpg,http://www.irixoa.es
http://example.org/resource/concello/15040,http://www.wikidata.org/entity/Q1620185,15040,Q1620185,Lage,Point(-9.005 43.219722222),43.219722222,-9.005,http://commons.wikimedia.org/wiki/Special:FilePath/Cruceiro%20coa%20vila%20de%20Laxe%20ao%20fondo.jpg,http://www.concellodelaxe.com/ca/web/index.php
http://example.org/resource/concello/15041,http://www.wikidata.org/entity/Q924043,15041,Q924043,Laracha,Point(-8.583333333 43.248611111),43.248611111,-8.583333333,http://commons.wikimedia.org/wiki/Special:FilePath/Cai%C3%B3n%2C%20Galicia%20%28Spain%29.jpg,https://www.alaracha.gal/
http://example.org/resource/concello/15042,http://www.wikidata.org/entity/Q1450842,15042,Q1450842,Lousame,Point(-8.829444444 42.758888888),42.758888888,-8.829444444,http://commons.wikimedia.org/wiki/Special:FilePath/San%20Xusto.%20Lousame.%20Galicia%201.jpg,http://www.concellodelousame.com/
http://example.org/resource/concello/15043,http://www.wikidata.org/entity/Q596761,15043,Q596761,Malpica de Bergantiños,Point(-8.824619607 43.29836025),43.29836025,-8.824619607,http://commons.wikimedia.org/wiki/Special:FilePath/Porto%20de%20Malpica.jpg,http://www.concellomalpica.com
http://example.org/resource/concello/15045,http://www.wikidata.org/entity/Q1442814,15045,Q1442814,Mazaricos,Point(-8.991388888 42.936111111),42.936111111,-8.991388888,http://commons.wikimedia.org/wiki/Special:FilePath/Dolmen%20Mina%20da%20Perxubeira.jpg,http://www.mazaricos.net
http://example.org/resource/concello/15046,http://www.wikidata.org/entity/Q912514,15046,Q912514,Mellid,Point(-8.0136139 42.9145741),42.9145741,-8.0136139,http://commons.wikimedia.org/wiki/Special:FilePath/Melide%20Galiza%202008-02-07%2018b.jpg,http://www.concellodemelide.gal/
http://example.org/resource/concello/15047,http://www.wikidata.org/entity/Q1606528,15047,Q1606528,Mesía,Point(-8.215595256 43.0891418),43.0891418,-8.215595256,http://commons.wikimedia.org/wiki/Special:FilePath/Mesia%20Xanceda%20Casa%20do%20concello%2002.jpg,http://www.concellodemesia.gal/
http://example.org/resource/concello/15048,http://www.wikidata.org/entity/Q1616112,15048,Q1616112,Miño,Point(-8.206389 43.3475),43.3475,-8.206389,http://commons.wikimedia.org/wiki/Special:FilePath/Playa%20de%20Sumi%C3%B1o%2C%20Mi%C3%B1o.jpg,https://www.concellodemino.gal
http://example.org/resource/concello/15049,http://www.wikidata.org/entity/Q1442682,15049,Q1442682,Moeche,Point(-8.0109356 43.5636689),43.5636689,-8.0109356,http://commons.wikimedia.org/wiki/Special:FilePath/Casa%20do%20Concello%20de%20Moeche.JPG,
http://example.org/resource/concello/15050,http://www.wikidata.org/entity/Q1442860,15050,Q1442860,Monfero,Point(-8.0494282 43.3268205),43.3268205,-8.0494282,http://commons.wikimedia.org/wiki/Special:FilePath/Atardecer%20en%20Monfero%20%281695318762%29.jpg,
http://example.org/resource/concello/15051,http://www.wikidata.org/entity/Q1442847,15051,Q1442847,Mugardos,Point(-8.253611111 43.460555555),43.460555555,-8.253611111,http://commons.wikimedia.org/wiki/Special:FilePath/Ga-Mugardos%20061.JPG,https://mugardos.gal
http://example.org/resource/concello/15052,http://www.wikidata.org/entity/Q512940,15052,Q512940,Mugía,Point(-9.2174608 43.1061695),43.1061695,-9.2174608,http://commons.wikimedia.org/wiki/Special:FilePath/Muxia%2C%20Spain%20-%20view%20from%20hill.jpg,http://www.concellomuxia.com/
http://example.org/resource/concello/15053,http://www.wikidata.org/entity/Q578957,15053,Q578957,Muros,Point(-9.0575 42.774444444),42.774444444,-9.0575,http://commons.wikimedia.org/wiki/Special:FilePath/Muros.Galiza.04-2008.jpg,http://www.muros.es/
http://example.org/resource/concello/15054,http://www.wikidata.org/entity/Q1368896,15054,Q1368896,Narón,Point(-8.1925768 43.5010716),43.5010716,-8.1925768,http://commons.wikimedia.org/wiki/Special:FilePath/Casa%20do%20Concello%20de%20Naron.jpg,https://www.naron.es/
http://example.org/resource/concello/15055,http://www.wikidata.org/entity/Q1635664,15055,Q1635664,Neda,Point(-8.1585283 43.5000016),43.5000016,-8.1585283,http://commons.wikimedia.org/wiki/Special:FilePath/Xuvia-Neda.jpg,http://www.neda.es
http://example.org/resource/concello/15056,http://www.wikidata.org/entity/Q840787,15056,Q840787,Negreira,Point(-8.7349564 42.9109711),42.9109711,-8.7349564,http://commons.wikimedia.org/wiki/Special:FilePath/Negreira%20Galiza.jpg,http://www.concellodenegreira.org
http://example.org/resource/concello/15057,http://www.wikidata.org/entity/Q818601,15057,Q818601,Noya,Point(-8.887777777 42.785),42.785,-8.887777777,http://commons.wikimedia.org/wiki/Special:FilePath/Villa%20de%20Noia%2C%20Noia.png,https://concellodenoia.gal
http://example.org/resource/concello/15058,http://www.wikidata.org/entity/Q688611,15058,Q688611,Oleiros,Point(-8.328708524 43.3547539),43.3547539,-8.328708524,http://commons.wikimedia.org/wiki/Special:FilePath/Castelo%20Santa%20Cruz.Oleiros.Galicia.jpg,https://www.oleiros.org/
http://example.org/resource/concello/15059,http://www.wikidata.org/entity/Q1442661,15059,Q1442661,Órdenes,Point(-8.407222222 43.076666666),43.076666666,-8.407222222,http://commons.wikimedia.org/wiki/Special:FilePath/Ordes%20Galiza%20Spain.jpg,http://www.ordes.gal
http://example.org/resource/concello/15060,http://www.wikidata.org/entity/Q924131,15060,Q924131,Oroso,Point(-8.3799467 43.0000165),43.0000165,-8.3799467,http://commons.wikimedia.org/wiki/Special:FilePath/Vilarromaris.Galicia.jpg,http://www.concellooroso.com/
http://example.org/resource/concello/15061,http://www.wikidata.org/entity/Q1375842,15061,Q1375842,Ortigueira,Point(-7.85 43.683055555),43.683055555,-7.85,http://commons.wikimedia.org/wiki/Special:FilePath/Ortigueira.Festival%20celta.Xigantes.jpg,http://concellodeortigueira.gal/
http://example.org/resource/concello/15062,http://www.wikidata.org/entity/Q936870,15062,Q936870,Outes,Point(-8.926388888 42.851111111),42.851111111,-8.926388888,http://commons.wikimedia.org/wiki/Special:FilePath/A%20Serra%20de%20Outes%2C%20Outes.png,https://www.outes.gal/
http://example.org/resource/concello/15064,http://www.wikidata.org/entity/Q426243,15064,Q426243,Paderne,Point(-8.174444444 43.283333333),43.283333333,-8.174444444,http://commons.wikimedia.org/wiki/Special:FilePath/Casa%20do%20concello%20de%20Paderne.JPG,http://www.concellodepaderne.com
http://example.org/resource/concello/15065,http://www.wikidata.org/entity/Q500494,15065,Q500494,Padrón,Point(-8.6602504 42.7390228),42.7390228,-8.6602504,http://commons.wikimedia.org/wiki/Special:FilePath/Padron%2C%20Galicia%2C%20Spain.JPG,http://www.padron.gal/
http://example.org/resource/concello/15066,http://www.wikidata.org/entity/Q841313,15066,Q841313,El Pino,Point(-8.362222222 42.904722222),42.904722222,-8.362222222,http://commons.wikimedia.org/wiki/Special:FilePath/Gradamil.O%20Pino.Galicia%201.jpg,http://www.concellodeopino.com/
http://example.org/resource/concello/15067,http://www.wikidata.org/entity/Q300525,15067,Q300525,Puebla del Caramiñal,Point(-8.933333333 42.6),42.6,-8.933333333,http://commons.wikimedia.org/wiki/Special:FilePath/Pobra%20GDFL%200507%20014.JPG,http://www.apobra.com/
http://example.org/resource/concello/15068,http://www.wikidata.org/entity/Q1450823,15068,Q1450823,Puenteceso,Point(-8.900516 43.24287),43.24287,-8.900516,http://commons.wikimedia.org/wiki/Special:FilePath/Casa%20consistorial%20de%20Ponteceso.jpg,http://www.ponteceso.net/
http://example.org/resource/concello/15069,http://www.wikidata.org/entity/Q765283,15069,Q765283,Puentedeume,Point(-8.1718823 43.4072585),43.4072585,-8.1718823,http://commons.wikimedia.org/wiki/Special:FilePath/Pontedeume.%20Torre%C3%B3n%20de%20Andrade.JPG,http://www.pontedeume.es
http://example.org/resource/concello/15070,http://www.wikidata.org/entity/Q1442761,15070,Q1442761,Puentes de García Rodríguez,Point(-7.853109 43.4502183),43.4502183,-7.853109,http://commons.wikimedia.org/wiki/Special:FilePath/Lago%20e%20pobo%20As%20Pontes.jpg,http://www.aspontes.com
http://example.org/resource/concello/15071,http://www.wikidata.org/entity/Q1450836,15071,Q1450836,Puerto del Son,Point(-9.005913888 42.724552777),42.724552777,-9.005913888,http://commons.wikimedia.org/wiki/Special:FilePath/Porto%20do%20Son%2006.jpg,http://portodoson.gal/
http://example.org/resource/concello/15072,http://www.wikidata.org/entity/Q835911,15072,Q835911,Rianjo,Point(-8.8173676 42.6488711),42.6488711,-8.8173676,http://commons.wikimedia.org/wiki/Special:FilePath/R%C3%ADa%20de%20Arousa%20GDFL%20050917.JPG,https://rianxo.gal
http://example.org/resource/concello/15073,http://www.wikidata.org/entity/Q904130,15073,Q904130,Ribeira,Point(-8.9922065 42.5564829),42.5564829,-8.9922065,http://commons.wikimedia.org/wiki/Special:FilePath/Ribeira%20050917%20056.JPG,http://www.ribeira.gal/
http://example.org/resource/concello/15074,http://www.wikidata.org/entity/Q1442533,15074,Q1442533,Rois,Point(-8.707094444 42.762308333),42.762308333,-8.707094444,http://commons.wikimedia.org/wiki/Special:FilePath/Iglesia%20O%C3%ADn.JPG,http://www.concelloderois.org
http://example.org/resource/concello/15075,http://www.wikidata.org/entity/Q1616081,15075,Q1616081,Sada,Point(-8.276904353 43.34730565),43.34730565,-8.276904353,http://commons.wikimedia.org/wiki/Special:FilePath/Pazo%20de%20Meir%C3%A1s.jpg,https://www.concellodesada.com/
http://example.org/resource/concello/15076,http://www.wikidata.org/entity/Q1442511,15076,Q1442511,San Saturnino,Point(-8.0726724 43.532721),43.532721,-8.0726724,http://commons.wikimedia.org/wiki/Special:FilePath/Intasa%20San%20Sadurni%C3%B1o.jpg,http://www.sansadurnino.gal
http://example.org/resource/concello/15077,http://www.wikidata.org/entity/Q1442500,15077,Q1442500,Santa Comba,Point(-8.814249808 43.0383769),43.0383769,-8.814249808,http://commons.wikimedia.org/wiki/Special:FilePath/Casa%20concello%20Santa%20Comba%2004.JPG,http://www.santacomba.es
http://example.org/resource/concello/15078,http://www.wikidata.org/entity/Q14314,15078,Q14314,Santiago de Compostela,Point(-8.533333333 42.883333333),42.883333333,-8.533333333,http://commons.wikimedia.org/wiki/Special:FilePath/Santiago%20de%20Compostela%2C%20Galiza%20%28cropped%29.jpg,https://santiagodecompostela.gal/
http://example.org/resource/concello/15079,http://www.wikidata.org/entity/Q1442623,15079,Q1442623,Santiso,Point(-8.06458942 42.87152435),42.87152435,-8.06458942,http://commons.wikimedia.org/wiki/Special:FilePath/Casa%20do%20Concello%20de%20Santiso.jpg,http://www.santiso.gal
http://example.org/resource/concello/15080,http://www.wikidata.org/entity/Q644626,15080,Q644626,Sobrado,Point(-8.0275 43.041944444),43.041944444,-8.0275,http://commons.wikimedia.org/wiki/Special:FilePath/Mosteiro%20de%20Sobrado%20%282%29.jpg,http://www.sobrado.es
http://example.org/resource/concello/15081,http://www.wikidata.org/entity/Q1442802,15081,Q1442802,As Somozas,Point(-7.9440756 43.5330307),43.5330307,-7.9440756,http://commons.wikimedia.org/wiki/Special:FilePath/Casa%20do%20Concello%20de%20As%20Somozas.JPG,https://assomozas.es/
http://example.org/resource/concello/15082,http://www.wikidata.org/entity/Q1635642,15082,Q1635642,Teo,Point(-8.562101471 42.79489625),42.79489625,-8.562101471,http://commons.wikimedia.org/wiki/Special:FilePath/Ramallosa%20050917%20009.JPG,https://www.teo.gal/
http://example.org/resource/concello/15083,http://www.wikidata.org/entity/Q517889,15083,Q517889,Toques,Point(-7.955693655 42.96900505),42.96900505,-7.955693655,http://commons.wikimedia.org/wiki/Special:FilePath/2%20Casa%20do%20Concello%20de%20Toques%20%282%29.JPG,https://toques.gal/
http://example.org/resource/concello/15084,http://www.wikidata.org/entity/Q837056,15084,Q837056,Tordoya,Point(-8.559722222 43.088055555),43.088055555,-8.559722222,http://commons.wikimedia.org/wiki/Special:FilePath/Pedra%20Longa%20-%20Tordoia.jpg,http://www.tordoia.gal
http://example.org/resource/concello/15085,http://www.wikidata.org/entity/Q904203,15085,Q904203,Touro,Point(-8.283333333 42.866666666),42.866666666,-8.283333333,http://commons.wikimedia.org/wiki/Special:FilePath/R%C3%ADo%20Ulla%2C%20Boqueix%C3%B3n.jpg,http://www.concellodetouro.com/index.php/gl/
http://example.org/resource/concello/15086,http://www.wikidata.org/entity/Q1616102,15086,Q1616102,Trazo,Point(-8.533333333 43.019166666),43.019166666,-8.533333333,http://commons.wikimedia.org/wiki/Special:FilePath/Santa%20Mar%C3%ADa%20de%20Castelo%2C%20Trazo%204.JPG,http://www.concellodetrazo.es/
http://example.org/resource/concello/15087,http://www.wikidata.org/entity/Q969030,15087,Q969030,Valdoviño,Point(-8.133055555 43.6),43.6,-8.133055555,http://commons.wikimedia.org/wiki/Special:FilePath/Valdovi%C3%B1o%2C%20en%20La%20Coru%C3%B1a%20%28Espa%C3%B1a%29.jpg,https://www.concellodevaldovino.com
http://example.org/resource/concello/15088,http://www.wikidata.org/entity/Q1450828,15088,Q1450828,Valle del Dubra,Point(-8.638055555 43.0225),43.0225,-8.638055555,http://commons.wikimedia.org/wiki/Special:FilePath/Val%20do%20Dubra%20concello%2001-02.jpg,http://valdodubra.gal/
http://example.org/resource/concello/15089,http://www.wikidata.org/entity/Q1616092,15089,Q1616092,Vedra,Point(-8.466666666 42.783333333),42.783333333,-8.466666666,http://commons.wikimedia.org/wiki/Special:FilePath/Casa%20do%20Concello%20de%20Vedra.JPG,https://www.concellodevedra.es/
http://example.org/resource/concello/15089,http://www.wikidata.org/entity/Q1616092,15089,Q1616092,Vedra,Point(-8.466666666 42.783333333),42.783333333,-8.466666666,http://commons.wikimedia.org/wiki/Special:FilePath/Vedra%20Centro%20de%20precintaxe%20e%20guiado%20de%20Ximonde%20080316%2006.jpg,https://www.concellodevedra.es/
http://example.org/resource/concello/15090,http://www.wikidata.org/entity/Q340094,15090,Q340094,Vilasantar,Point(-8.095829227 43.07582575),43.07582575,-8.095829227,http://commons.wikimedia.org/wiki/Special:FilePath/As%20Filgueiras%2C%20Barbeito%20concello%20Vilasantar.jpg,http://www.dicoruna.es/municipios/Vilasantar/
http://example.org/resource/concello/15090,http://www.wikidata.org/entity/Q340094,15090,Q340094,Vilasantar,Point(-8.095829227 43.07582575),43.07582575,-8.095829227,http://commons.wikimedia.org/wiki/Special:FilePath/As%20Filgueiras%2C%20Barbeito%20concello%20Vilasantar.jpg,https://vilasantar.gal/
http://example.org/resource/concello/15091,http://www.wikidata.org/entity/Q974227,15091,Q974227,Villarmayor,Point(-8.138846414 43.355117),43.355117,-8.138846414,http://commons.wikimedia.org/wiki/Special:FilePath/Castros.jpg,http://concellodevilarmaior.es/
http://example.org/resource/concello/15092,http://www.wikidata.org/entity/Q1616162,15092,Q1616162,Vimianzo,Point(-9.034444444 43.11),43.11,-9.034444444,http://commons.wikimedia.org/wiki/Special:FilePath/Casa%20consistorial%20de%20Vimianzo.jpg,https://www.vimianzo.gal/
http://example.org/resource/concello/15093,http://www.wikidata.org/entity/Q148174,15093,Q148174,Zas,Point(-8.924166666 43.095277777),43.095277777,-8.924166666,http://commons.wikimedia.org/wiki/Special:FilePath/Torres%20do%20Allo%2003.jpg,http://www.concellodezas.org
http://example.org/resource/concello/15901,http://www.wikidata.org/entity/Q1403988,15901,Q1403988,Cariño,Point(-7.869166666 43.741388888),43.741388888,-7.869166666,http://commons.wikimedia.org/wiki/Special:FilePath/Cari%C3%B1o%20Galicia.jpg,https://www.concellodecarino.gal/
http://example.org/resource/concello/15902,http://www.wikidata.org/entity/Q13423086,15902,Q13423086,Oza-Cesuras,Point(-8.2 43.166667),43.166667,-8.2,http://commons.wikimedia.org/wiki/Special:FilePath/Casa%20do%20concello%20de%20Oza%20dos%20R%C3%ADos%20-%20Galiza.jpg,https://www.concellodeozacesuras.es/web/index.aspx
http://example.org/resource/concello/27001,http://www.wikidata.org/entity/Q304757,27001,Q304757,Abadín,Point(-7.475 43.363611111),43.363611111,-7.475,http://commons.wikimedia.org/wiki/Special:FilePath/Abad%C3%ADn%2C%20en%20Lugo%20%28Espa%C3%B1a%29.jpg,http://www.abadin.es
http://example.org/resource/concello/27002,http://www.wikidata.org/entity/Q1633648,27002,Q1633648,Alfoz,Point(-7.413888888 43.528333333),43.528333333,-7.413888888,http://commons.wikimedia.org/wiki/Special:FilePath/Castillo%20del%20Castro%20de%20Oro%2C%20en%20Alfoz%20%28Lugo%2C%20Espa%C3%B1a%29.jpg,http://www.concellodealfoz.com
http://example.org/resource/concello/27003,http://www.wikidata.org/entity/Q1368972,27003,Q1368972,Antas de Ulla,Point(-7.8896857 42.7822537),42.7822537,-7.8896857,http://commons.wikimedia.org/wiki/Special:FilePath/Igrexa%20de%20San%20Xo%C3%A1n%20de%20Antas%20de%20Ulla.jpg,http://www.concellodeantas.org
http://example.org/resource/concello/27004,http://www.wikidata.org/entity/Q1596039,27004,Q1596039,Baleira,Point(-7.239166666 43.001666666),43.001666666,-7.239166666,http://commons.wikimedia.org/wiki/Special:FilePath/Av.%20Dr.%20Escobar%2C%20O%20C%C3%A1davo%2C%20Baleira%2C%20Lugo%2020.JPG,http://www.concellobaleira.es/
http://example.org/resource/concello/27005,http://www.wikidata.org/entity/Q1634820,27005,Q1634820,Barreiros,Point(-7.239722222 43.534444444),43.534444444,-7.239722222,http://commons.wikimedia.org/wiki/Special:FilePath/Villamart%C3%ADn%20Peque%C3%B1o%2C%20en%20el%20municipio%20de%20Barreiros%20%28Lugo%2C%20Espa%C3%B1a%29.jpg,https://www.concellodebarreiros.gal
http://example.org/resource/concello/27006,http://www.wikidata.org/entity/Q1596031,27006,Q1596031,Becerreá,Point(-7.173055555 42.851111111),42.851111111,-7.173055555,http://commons.wikimedia.org/wiki/Special:FilePath/Puente%20de%20Cruzul%2C%20en%20Becerre%C3%A1%20%28Lugo%2C%20Espa%C3%B1a%29.jpg,http://www.concellobecerrea.es/
http://example.org/resource/concello/27007,http://www.wikidata.org/entity/Q959803,27007,Q959803,Begonte,Point(-7.689722222 43.134444444),43.134444444,-7.689722222,http://commons.wikimedia.org/wiki/Special:FilePath/Casa%20Museo%20de%20V%C3%ADctor%20Corral%2C%20en%20Begonte%20%28Lugo%2C%20Espa%C3%B1a%29.jpg,http://www.concellobegonte.es
http://example.org/resource/concello/27008,http://www.wikidata.org/entity/Q1606539,27008,Q1606539,Bóveda,Point(-7.4847221 42.6240523),42.6240523,-7.4847221,http://commons.wikimedia.org/wiki/Special:FilePath/Rotonda%20en%20B%C3%B3veda%2C%20LU-652%20e%20LU-546.jpg,
http://example.org/resource/concello/27009,http://www.wikidata.org/entity/Q1444347,27009,Q1444347,Carballedo,Point(-7.805538754 42.5307252),42.5307252,-7.805538754,http://commons.wikimedia.org/wiki/Special:FilePath/Igrexa%20de%20Santiago%20de%20Pradeda%2C%20Carballedo.jpg,http://www.concellocarballedo.es/
http://example.org/resource/concello/27010,http://www.wikidata.org/entity/Q1368876,27010,Q1368876,Castro de Rey,Point(-7.398611111 43.208055555),43.208055555,-7.398611111,http://commons.wikimedia.org/wiki/Special:FilePath/Ayuntamiento%20de%20Castro%20de%20Rey%2C%20en%20Lugo%20%28Espa%C3%B1a%29.jpg,http://www.castroderei.gal/
http://example.org/resource/concello/27011,http://www.wikidata.org/entity/Q1368794,27011,Q1368794,Castroverde,Point(-7.325 43.030555555),43.030555555,-7.325,http://commons.wikimedia.org/wiki/Special:FilePath/Concello%20de%20Castroverde.JPG,http://concellodecastroverde.gal/
http://example.org/resource/concello/27012,http://www.wikidata.org/entity/Q1603003,27012,Q1603003,Cervantes,Point(-7.073055555 42.867777777),42.867777777,-7.073055555,http://commons.wikimedia.org/wiki/Special:FilePath/Pallozas%20de%20San%20Rom%C3%A1n%2C%20en%20el%20municipio%20de%20Cervantes%20%28Lugo%2C%20Espa%C3%B1a%29.jpg,http://www.concellocervantes.es/
http://example.org/resource/concello/27013,http://www.wikidata.org/entity/Q1616622,27013,Q1616622,Cervo,Point(-7.4095392 43.6696938),43.6696938,-7.4095392,http://commons.wikimedia.org/wiki/Special:FilePath/San%20Cipri%C3%A1n%2C%20en%20el%20municipio%20de%20Cervo%20%28Lugo%2C%20Espa%C3%B1a%29.jpg,http://www.concellodecervo.com
http://example.org/resource/concello/27014,http://www.wikidata.org/entity/Q680745,27014,Q680745,Corgo,Point(-7.4298314 42.9428295),42.9428295,-7.4298314,http://commons.wikimedia.org/wiki/Special:FilePath/Gome%C3%A1n%2C%20en%20el%20municipio%20de%20Corgo%20%28Lugo%2C%20Espa%C3%B1a%29.jpg,http://www.concellodocorgo.com/
http://example.org/resource/concello/27015,http://www.wikidata.org/entity/Q1445401,27015,Q1445401,Cospeito,Point(-7.558333333 43.236111111),43.236111111,-7.558333333,http://commons.wikimedia.org/wiki/Special:FilePath/Lagoa%20de%20Cospeito.JPG,http://concellodecospeito.es
http://example.org/resource/concello/27016,http://www.wikidata.org/entity/Q1447512,27016,Q1447512,Chantada,Point(-7.768888888 42.608333333),42.608333333,-7.768888888,http://commons.wikimedia.org/wiki/Special:FilePath/R%C3%ADo%20Asma.jpg,http://www.concellodechantada.org/
http://example.org/resource/concello/27017,http://www.wikidata.org/entity/Q1447369,27017,Q1447369,Folgoso de Caurel,Point(-7.195277777 42.588888888),42.588888888,-7.195277777,http://commons.wikimedia.org/wiki/Special:FilePath/O%20Caurel%202%20O%20Courel%202%20%28234156005%29.jpeg,http://folgosodocourel.com/
http://example.org/resource/concello/27018,http://www.wikidata.org/entity/Q1465213,27018,Q1465213,Fonsagrada,Point(-7.066666666 43.133333333),43.133333333,-7.066666666,http://commons.wikimedia.org/wiki/Special:FilePath/Fonsagrada%2C%20en%20Lugo%20%28Espa%C3%B1a%29.jpg,http://www.afonsagrada.org/
http://example.org/resource/concello/27019,http://www.wikidata.org/entity/Q917878,27019,Q917878,Foz,Point(-7.2550407 43.5688659),43.5688659,-7.2550407,http://commons.wikimedia.org/wiki/Special:FilePath/Foz%2C%20en%20Lugo%20%28Espa%C3%B1a%29.jpg,http://www.concellodefoz.es/
http://example.org/resource/concello/27020,http://www.wikidata.org/entity/Q576916,27020,Q576916,Friol,Point(-7.7907786 43.0288662),43.0288662,-7.7907786,http://commons.wikimedia.org/wiki/Special:FilePath/Casa%20do%20Concello%20de%20Friol.JPG,http://www.concellodefriol.es/
http://example.org/resource/concello/27021,http://www.wikidata.org/entity/Q577144,27021,Q577144,Germade,Point(-7.8122096 43.355072),43.355072,-7.8122096,http://commons.wikimedia.org/wiki/Special:FilePath/Xermade%20Santa%20Maria%20de%20Xermade%2004.jpg,https://www.xermade.org/
http://example.org/resource/concello/27022,http://www.wikidata.org/entity/Q1602975,27022,Q1602975,Guitiriz,Point(-7.895277777 43.181944444),43.181944444,-7.895277777,http://commons.wikimedia.org/wiki/Special:FilePath/Balneario%20de%20San%20Juan%20de%20Lagostelle%2C%20en%20Guitiriz%20%28Lugo%2C%20Espa%C3%B1a%29.jpg,http://www.concellodeguitiriz.com/
http://example.org/resource/concello/27023,http://www.wikidata.org/entity/Q1605449,27023,Q1605449,Guntín,Point(-7.658254789 42.9007143),42.9007143,-7.658254789,http://commons.wikimedia.org/wiki/Special:FilePath/Iglesia%20de%20Lamela%2C%20en%20el%20municipio%20de%20Gunt%C3%ADn%20%28Lugo%2C%20Espa%C3%B1a%29.jpg,https://www.guntin.es/
http://example.org/resource/concello/27024,http://www.wikidata.org/entity/Q592681,27024,Q592681,Incio,Point(-7.363611111 42.656666666),42.656666666,-7.363611111,http://commons.wikimedia.org/wiki/Special:FilePath/Iglesia%20de%20San%20Pedro%20F%C3%A9lix%20en%20Hospital%2C%20municipio%20del%20Incio%20%28Lugo%2C%20Espa%C3%B1a%29.jpg,http://www.concellooincio.es/
http://example.org/resource/concello/27025,http://www.wikidata.org/entity/Q1111013,27025,Q1111013,Xove,Point(-7.508889 43.685833),43.685833,-7.508889,http://commons.wikimedia.org/wiki/Special:FilePath/Xove.jpg,http://www.xove.es/
http://example.org/resource/concello/27026,http://www.wikidata.org/entity/Q1445304,27026,Q1445304,Láncara,Point(-7.3372884 42.8636955),42.8636955,-7.3372884,http://commons.wikimedia.org/wiki/Special:FilePath/Estrada%20LU-621%20km%200%20na%20Pobra%20de%20San%20Xiao.jpg,http://www.concellodelancara.com
http://example.org/resource/concello/27027,http://www.wikidata.org/entity/Q1447358,27027,Q1447358,Lorenzana,Point(-7.299444444 43.471111111),43.471111111,-7.299444444,http://commons.wikimedia.org/wiki/Special:FilePath/Monasterio%20de%20San%20Salvador%20de%20Lourenz%C3%A1.jpg,http://www.lourenza.es/
http://example.org/resource/concello/27028,http://www.wikidata.org/entity/Q11125,27028,Q11125,Lugo,Point(-7.557222222 43.011666666),43.011666666,-7.557222222,http://commons.wikimedia.org/wiki/Special:FilePath/Muralla%20y%20Catedral%20de%20Lugo%20%28Espa%C3%B1a%29.jpg,http://concellodelugo.gal/
http://example.org/resource/concello/27029,http://www.wikidata.org/entity/Q1618958,27029,Q1618958,Meira,Point(-7.294166666 43.213333333),43.213333333,-7.294166666,http://commons.wikimedia.org/wiki/Special:FilePath/Meira%2C%20en%20Lugo%20%28Espa%C3%B1a%29.jpg,http://www.concellodemeira.com/
http://example.org/resource/concello/27030,http://www.wikidata.org/entity/Q840362,27030,Q840362,Mondoñedo,Point(-7.362777777 43.428055555),43.428055555,-7.362777777,http://commons.wikimedia.org/wiki/Special:FilePath/Vista%20panor%C3%A1mica%20de%20Mondo%C3%B1edo.jpg,http://www.concellomondonedo.es
http://example.org/resource/concello/27030,http://www.wikidata.org/entity/Q840362,27030,Q840362,Mondoñedo,Point(-7.34928 43.43157),43.43157,-7.34928,http://commons.wikimedia.org/wiki/Special:FilePath/Vista%20panor%C3%A1mica%20de%20Mondo%C3%B1edo.jpg,http://www.concellomondonedo.es
http://example.org/resource/concello/27031,http://www.wikidata.org/entity/Q818341,27031,Q818341,Monforte de Lemos,Point(-7.516111111 42.516388888),42.516388888,-7.516111111,http://commons.wikimedia.org/wiki/Special:FilePath/Puente%20Viejo%20sobre%20el%20r%C3%ADo%20Cabe%2C%20en%20Monforte%20de%20Lemos%20%28Lugo%2C%20Espa%C3%B1a%29.jpg,http://www.monfortedelemos.es/
http://example.org/resource/concello/27032,http://www.wikidata.org/entity/Q1122290,27032,Q1122290,Monterroso,Point(-7.836111111 42.7925),42.7925,-7.836111111,http://commons.wikimedia.org/wiki/Special:FilePath/Casa%20consistorial%20de%20Monterroso.jpg,http://www.monterroso.es
http://example.org/resource/concello/27033,http://www.wikidata.org/entity/Q1605428,27033,Q1605428,Muras,Point(-7.7231351 43.4678344),43.4678344,-7.7231351,http://commons.wikimedia.org/wiki/Special:FilePath/Casa%20concello%20Muras%2C%20Galicia.jpg,http://muras.gal/
http://example.org/resource/concello/27034,http://www.wikidata.org/entity/Q1445393,27034,Q1445393,Navia de Suarna,Point(-7.003888888 42.965),42.965,-7.003888888,http://commons.wikimedia.org/wiki/Special:FilePath/Puente%20Viejo%20de%20la%20Puebla%20de%20Navia%2C%20en%20el%20municipio%20de%20Navia%20de%20Suarna%20%28Lugo%2C%20Espa%C3%B1a%29.jpg,https://concellonaviadesuarna.es/gl
http://example.org/resource/concello/27035,http://www.wikidata.org/entity/Q1603054,27035,Q1603054,Negueira de Muñiz,Point(-6.890941485 43.13172185),43.13172185,-6.890941485,http://commons.wikimedia.org/wiki/Special:FilePath/Villaseca%2C%20en%20el%20municipio%20de%20Neguera%20de%20Mu%C3%B1iz%20%28Lugo%2C%20Espa%C3%B1a%29.jpg,http://concellodenegueira.es/
http://example.org/resource/concello/27037,http://www.wikidata.org/entity/Q1605418,27037,Q1605418,Los Nogales,Point(-7.089722222 42.817777777),42.817777777,-7.089722222,http://commons.wikimedia.org/wiki/Special:FilePath/Los%20Nogales%2C%20en%20Lugo%20%28Espa%C3%B1a%29.jpg,http://www.concelloasnogais.es/
http://example.org/resource/concello/27038,http://www.wikidata.org/entity/Q1445352,27038,Q1445352,Orol,Point(-7.6419619 43.5619159),43.5619159,-7.6419619,http://commons.wikimedia.org/wiki/Special:FilePath/Igrexa%20de%20Santiago%20de%20Bravos%2C%20Ourol.jpg,http://concellodeourol.es/
http://example.org/resource/concello/27039,http://www.wikidata.org/entity/Q643709,27039,Q643709,Otero de Rey,Point(-7.6136338 43.1024649),43.1024649,-7.6136338,http://commons.wikimedia.org/wiki/Special:FilePath/Casa%20do%20Concello%20de%20Outeiro%20de%20Rei.JPG,http://www.outeiroderei.gal
http://example.org/resource/concello/27040,http://www.wikidata.org/entity/Q842216,27040,Q842216,Palas de Rey,Point(-7.869444444 42.873611111),42.873611111,-7.869444444,http://commons.wikimedia.org/wiki/Special:FilePath/Castillo%20de%20Pambre%2C%20en%20Palas%20de%20Rey%20%28Lugo%2C%20Espa%C3%B1a%29.jpg,http://www.concellopalasderei.es/
http://example.org/resource/concello/27041,http://www.wikidata.org/entity/Q1447446,27041,Q1447446,Pantón,Point(-7.642455243 42.5088198),42.5088198,-7.642455243,http://commons.wikimedia.org/wiki/Special:FilePath/Monasterio%20de%20San%20Salvador%20y%20Santa%20Mar%C3%ADa%20de%20Ferreira%20de%20Pant%C3%B3n%20exterior%203%20IMG%202597.jpg,https://concellodepanton.es
http://example.org/resource/concello/27042,http://www.wikidata.org/entity/Q431456,27042,Q431456,Paradela,Point(-7.5674176 42.7639621),42.7639621,-7.5674176,http://commons.wikimedia.org/wiki/Special:FilePath/Centro%20Socio%20Cultural%20Manuel%20Rodr%C3%ADguez%20L%C3%B3pez%2C%20Paradela.JPG,http://www.paradela.es/
http://example.org/resource/concello/27043,http://www.wikidata.org/entity/Q1617334,27043,Q1617334,Páramo,Point(-7.514939 42.8275613),42.8275613,-7.514939,http://commons.wikimedia.org/wiki/Special:FilePath/Igrexa%20de%20San%20Vicente%20de%20Gondrame%2C%20O%20P%C3%A1ramo.jpg,http://www.concellodeparamo.es/
http://example.org/resource/concello/27044,http://www.wikidata.org/entity/Q1465187,27044,Q1465187,Pastoriza,Point(-7.351228 43.300414),43.300414,-7.351228,http://commons.wikimedia.org/wiki/Special:FilePath/Casa%20do%20concello%2C%20A%20Pastoriza.jpg,http://www.concellodapastoriza.es
http://example.org/resource/concello/27045,http://www.wikidata.org/entity/Q967734,27045,Q967734,Piedrafita,Point(-7.0216754 42.7266132),42.7266132,-7.0216754,http://commons.wikimedia.org/wiki/Special:FilePath/Piedrafita%20del%20Cebrero%2C%20en%20Lugo%20%28Espa%C3%B1a%29.jpg,http://www.concellopedrafita.es/
http://example.org/resource/concello/27046,http://www.wikidata.org/entity/Q1445717,27046,Q1445717,Pol,Point(-7.36 43.129722222),43.129722222,-7.36,http://commons.wikimedia.org/wiki/Special:FilePath/Plaza%20Galicia%20en%20Mosteiro%2C%20municipio%20de%20Pol%20%28Lugo%2C%20Espa%C3%B1a%29.jpg,http://www.concellodepol.es
http://example.org/resource/concello/27047,http://www.wikidata.org/entity/Q920774,27047,Q920774,Puebla del Brollón,Point(-7.391944 42.557056),42.557056,-7.391944,http://commons.wikimedia.org/wiki/Special:FilePath/Rio%20Saa%20na%20Pobra%20do%20Broll%C3%B3n.jpg,http://concelloapobradobrollon.es/
http://example.org/resource/concello/27048,http://www.wikidata.org/entity/Q1465219,27048,Q1465219,Puente Nuevo,Point(-7.1925 43.348055555),43.348055555,-7.1925,http://commons.wikimedia.org/wiki/Special:FilePath/El%20r%C3%ADo%20Eo%20por%20Puente%20Nuevo%2C%20en%20Lugo%20%28Espa%C3%B1a%29.jpg,http://concellodapontenova.org/
http://example.org/resource/concello/27049,http://www.wikidata.org/entity/Q849319,27049,Q849319,Puertomarín,Point(-7.615833333 42.807222222),42.807222222,-7.615833333,http://commons.wikimedia.org/wiki/Special:FilePath/Puertomar%C3%ADn%2C%20en%20Lugo%20%28Espa%C3%B1a%29.jpg,http://www.concellodeportomarin.es/
http://example.org/resource/concello/27050,http://www.wikidata.org/entity/Q969128,27050,Q969128,Quiroga,Point(-7.271666666 42.475833333),42.475833333,-7.271666666,http://commons.wikimedia.org/wiki/Special:FilePath/Casa%20concello%20Quiroga.jpg,http://concellodequiroga.com/
http://example.org/resource/concello/27051,http://www.wikidata.org/entity/Q824076,27051,Q824076,Ribadeo,Point(-7.043055555 43.537222222),43.537222222,-7.043055555,http://commons.wikimedia.org/wiki/Special:FilePath/Ribadeo%20Parque%20Central.jpg,http://ribadeo.gal/
http://example.org/resource/concello/27052,http://www.wikidata.org/entity/Q387385,27052,Q387385,Ribas del Sil,Point(-7.264570071 42.42939165),42.42939165,-7.264570071,http://commons.wikimedia.org/wiki/Special:FilePath/Rairos-Ribas%20de%20Sil.JPG,http://www.concelloribasdesil.es/
http://example.org/resource/concello/27053,http://www.wikidata.org/entity/Q961868,27053,Q961868,Ribera de Piquín,Point(-7.200348398 43.19855825),43.19855825,-7.200348398,http://commons.wikimedia.org/wiki/Special:FilePath/Baos%2C%20en%20el%20municipio%20de%20Ribera%20de%20Piqu%C3%ADn%20%28Lugo%2C%20Espa%C3%B1a%29.jpg,http://www.ribeiradepiquin.es/
http://example.org/resource/concello/27054,http://www.wikidata.org/entity/Q1442159,27054,Q1442159,Riotorto,Point(-7.273267632 43.3256279),43.3256279,-7.273267632,http://commons.wikimedia.org/wiki/Special:FilePath/Riotorto%20panor%C3%A1mica%2002.jpg,http://concelloderiotorto.gal/
http://example.org/resource/concello/27055,http://www.wikidata.org/entity/Q917876,27055,Q917876,Samos,Point(-7.3265903 42.730661),42.730661,-7.3265903,http://commons.wikimedia.org/wiki/Special:FilePath/Monasterio%20de%20San%20Juli%C3%A1n%20de%20Samos%2C%20en%20Lugo%20%28Espa%C3%B1a%29.jpg,http://www.concellosamos.es/
http://example.org/resource/concello/27056,http://www.wikidata.org/entity/Q1444243,27056,Q1444243,Rábade,Point(-7.618611111 43.111944444),43.111944444,-7.618611111,http://commons.wikimedia.org/wiki/Special:FilePath/Avenida%20de%20Vilalba%2C%20R%C3%A1bade.jpg,http://www.concellorabade.es/
http://example.org/resource/concello/27057,http://www.wikidata.org/entity/Q174833,27057,Q174833,Sarria,Point(-7.414444 42.777778),42.777778,-7.414444,http://commons.wikimedia.org/wiki/Special:FilePath/Sarria%2C%20en%20Lugo%20%28Espa%C3%B1a%29.jpg,https://www.sarria.es/
http://example.org/resource/concello/27058,http://www.wikidata.org/entity/Q1447399,27058,Q1447399,Saviñao,Point(-7.639514694 42.64486785),42.64486785,-7.639514694,http://commons.wikimedia.org/wiki/Special:FilePath/Escair%C3%B3n%2C%20Vilasante%2C%20Casa%20do%20Concello%20do%20Savi%C3%B1ao.JPG,http://www.concellodosaviñao.com/
http://example.org/resource/concello/27059,http://www.wikidata.org/entity/Q1442183,27059,Q1442183,Sober,Point(-7.5870302 42.4618099),42.4618099,-7.5870302,http://commons.wikimedia.org/wiki/Special:FilePath/Sober%2C%20iglesia%20-%20panoramio.jpg,http://www.concellodesober.com/
http://example.org/resource/concello/27060,http://www.wikidata.org/entity/Q578118,27060,Q578118,Taboada,Point(-7.7628812 42.7157243),42.7157243,-7.7628812,http://commons.wikimedia.org/wiki/Special:FilePath/Ayuntamiento%20de%20Taboada.jpg,http://www.concellotaboada.es
http://example.org/resource/concello/27061,http://www.wikidata.org/entity/Q1447468,27061,Q1447468,Trabada,Point(-7.1942852 43.4471608),43.4471608,-7.1942852,http://commons.wikimedia.org/wiki/Special:FilePath/Trabada%2C%20en%20Lugo%20%28Espa%C3%B1a%29.jpg,https://trabada.gal/
http://example.org/resource/concello/27063,http://www.wikidata.org/entity/Q1605462,27063,Q1605462,Valle de Oro,Point(-7.484311645 43.5345115),43.5345115,-7.484311645,http://commons.wikimedia.org/wiki/Special:FilePath/Rotonda%20en%20Ferreira%20do%20Valadouro.jpg,http://www.valadouro.gal
http://example.org/resource/concello/27064,http://www.wikidata.org/entity/Q944524,27064,Q944524,Vicedo,Point(-7.6734368 43.7324913),43.7324913,-7.6734368,http://commons.wikimedia.org/wiki/Special:FilePath/Casa%20concello%20O%20Vicedo.jpg,http://www.concellodovicedo.org
http://example.org/resource/concello/27065,http://www.wikidata.org/entity/Q1605437,27065,Q1605437,Villalba,Point(-7.6786104 43.2962717),43.2962717,-7.6786104,http://commons.wikimedia.org/wiki/Special:FilePath/Torre%20dos%20Andrade.%20Vilalba.%20Galiza-06.jpg,https://www.vilalba.gal
http://example.org/resource/concello/27066,http://www.wikidata.org/entity/Q641221,27066,Q641221,Vivero,Point(-7.59 43.648055555),43.648055555,-7.59,http://commons.wikimedia.org/wiki/Special:FilePath/Viveiro%20e%20a%20sua%20ria%20%289581685985%29.jpg,http://www.viveiro.es
http://example.org/resource/concello/27901,http://www.wikidata.org/entity/Q1633465,27901,Q1633465,Baralla,Point(-7.2500667 42.8936084),42.8936084,-7.2500667,http://commons.wikimedia.org/wiki/Special:FilePath/Baralla%2C%20en%20Lugo%20%28Espa%C3%B1a%29.jpg,http://www.concellobaralla.es/
http://example.org/resource/concello/27902,http://www.wikidata.org/entity/Q1619456,27902,Q1619456,Burela,Point(-7.3582092 43.6604617),43.6604617,-7.3582092,http://commons.wikimedia.org/wiki/Special:FilePath/Burela%2C%20en%20Lugo%20%28Espa%C3%B1a%29.jpg,http://www.burela.org
http://example.org/resource/concello/32001,http://www.wikidata.org/entity/Q1438879,32001,Q1438879,Allariz,Point(-7.801795 42.190083),42.190083,-7.801795,http://commons.wikimedia.org/wiki/Special:FilePath/Allariz%20concello.JPG,https://www.allariz.gal/
http://example.org/resource/concello/32002,http://www.wikidata.org/entity/Q1627616,32002,Q1627616,Amoeiro,Point(-7.953333333 42.41),42.41,-7.953333333,http://commons.wikimedia.org/wiki/Special:FilePath/Amoeiro.Ourense%2CSolpor.jpg,
http://example.org/resource/concello/32003,http://www.wikidata.org/entity/Q1631832,32003,Q1631832,Arnoya,Point(-8.133055555 42.250277777),42.250277777,-8.133055555,http://commons.wikimedia.org/wiki/Special:FilePath/Concello%20da%20Arnoia.jpg,https://www.arnoia.es/
http://example.org/resource/concello/32004,http://www.wikidata.org/entity/Q791209,32004,Q791209,Avión,Point(-8.272777777 42.388333333),42.388333333,-8.272777777,http://commons.wikimedia.org/wiki/Special:FilePath/Casa%20consistorial%20de%20Avi%C3%B3n.jpg,http://www.concelloavion.org/
http://example.org/resource/concello/32005,http://www.wikidata.org/entity/Q1627554,32005,Q1627554,Baltar,Point(-7.715833333 41.95),41.95,-7.715833333,http://commons.wikimedia.org/wiki/Special:FilePath/Baltar%20Cementerio%2062.JPG,
http://example.org/resource/concello/32006,http://www.wikidata.org/entity/Q1645000,32006,Q1645000,Bande,Point(-7.975277777 42.030555555),42.030555555,-7.975277777,http://commons.wikimedia.org/wiki/Special:FilePath/Bande%2C%20Casa%20do%20Concello.JPG,
http://example.org/resource/concello/32007,http://www.wikidata.org/entity/Q1632922,32007,Q1632922,Baños de Molgas,Point(-7.672777777 42.241111111),42.241111111,-7.672777777,http://commons.wikimedia.org/wiki/Special:FilePath/Santuario%20da%20Nosa%20Se%C3%B1ora%20dos%20Milagres%2019.JPG,
http://example.org/resource/concello/32008,http://www.wikidata.org/entity/Q1627578,32008,Q1627578,Barbadanes,Point(-7.906388888 42.300277777),42.300277777,-7.906388888,http://commons.wikimedia.org/wiki/Special:FilePath/Casa%20do%20Concello%20de%20Barbad%C3%A1s.JPG,https://www.barbadas.es/
http://example.org/resource/concello/32009,http://www.wikidata.org/entity/Q1607428,32009,Q1607428,El Barco de Valdeorras,Point(-6.983055555 42.416666666),42.416666666,-6.983055555,http://commons.wikimedia.org/wiki/Special:FilePath/O%20Barco%20de%20Valdeorras.jpg,https://www.concellodobarco.gal/
http://example.org/resource/concello/32011,http://www.wikidata.org/entity/Q1627591,32011,Q1627591,Beariz,Point(-8.2704338 42.4661929),42.4661929,-8.2704338,http://commons.wikimedia.org/wiki/Special:FilePath/Casa%20consistorial%20de%20Beariz.jpg,
http://example.org/resource/concello/32012,http://www.wikidata.org/entity/Q1627544,32012,Q1627544,Blancos,Point(-7.716944444 42.004722222),42.004722222,-7.716944444,http://commons.wikimedia.org/wiki/Special:FilePath/Nocedo%2C%20Os%20Blancos%2C%20Ourense%202.jpg,
http://example.org/resource/concello/32013,http://www.wikidata.org/entity/Q1627596,32013,Q1627596,Boborás,Point(-8.143333333 42.432777777),42.432777777,-8.143333333,http://commons.wikimedia.org/wiki/Special:FilePath/Concello%20de%20Bobor%C3%A1s.JPG,
http://example.org/resource/concello/32014,http://www.wikidata.org/entity/Q523929,32014,Q523929,La Bola,Point(-7.914722222 42.151666666),42.151666666,-7.914722222,http://commons.wikimedia.org/wiki/Special:FilePath/Casa%20do%20Concello%20da%20Bola.JPG,
http://example.org/resource/concello/32015,http://www.wikidata.org/entity/Q1617349,32015,Q1617349,El Bollo,Point(-7.098888888 42.306666666),42.306666666,-7.098888888,http://commons.wikimedia.org/wiki/Special:FilePath/Concello%20do%20Bolo.jpg,http://www.obolo.es
http://example.org/resource/concello/32016,http://www.wikidata.org/entity/Q777044,32016,Q777044,Calvos de Randín,Point(-7.875555555 41.904722222),41.904722222,-7.875555555,http://commons.wikimedia.org/wiki/Special:FilePath/Casa%20consistorial%20de%20Calvos%20de%20Rand%C3%ADn.jpg,http://www.calvosderandin.com/webjoomla/index.php/gal/
http://example.org/resource/concello/32017,http://www.wikidata.org/entity/Q1607709,32017,Q1607709,Carballeda de Valdeorras,Point(-6.8775 42.376111111),42.376111111,-6.8775,http://commons.wikimedia.org/wiki/Special:FilePath/Casa%20do%20concello%20de%20Carballeda%20de%20Valdeorras%2C%20provincia%20de%20Ourense.jpg,
http://example.org/resource/concello/32018,http://www.wikidata.org/entity/Q940960,32018,Q940960,Carballeda de Avia,Point(-8.165277777 42.321388888),42.321388888,-8.165277777,http://commons.wikimedia.org/wiki/Special:FilePath/H%C3%B3rreos%20de%20Muimenta%2C%20Carballeda%20de%20Avia%2C%20Galicia.jpg,
http://example.org/resource/concello/32019,http://www.wikidata.org/entity/Q1607558,32019,Q1607558,Carballino,Point(-8.077466 42.429638),42.429638,-8.077466,http://commons.wikimedia.org/wiki/Special:FilePath/Casa%20do%20Concello%20do%20Carballi%C3%B1o.JPG,http://www.carballino.gal/
http://example.org/resource/concello/32020,http://www.wikidata.org/entity/Q1606020,32020,Q1606020,Cartelle,Point(-8.0688652 42.2492308),42.2492308,-8.0688652,http://commons.wikimedia.org/wiki/Special:FilePath/Casa%20do%20Concello%20de%20Cartelle.JPG,
http://example.org/resource/concello/32021,http://www.wikidata.org/entity/Q1607748,32021,Q1607748,Castrelo del Valle,Point(-7.424166666 41.990555555),41.990555555,-7.424166666,http://commons.wikimedia.org/wiki/Special:FilePath/Concello%20de%20Castrelo%20do%20Val.JPG,http://castrelodoval.gal/
http://example.org/resource/concello/32022,http://www.wikidata.org/entity/Q1605406,32022,Q1605406,Castrelo de Miño,Point(-8.066666666 42.294444444),42.294444444,-8.066666666,http://commons.wikimedia.org/wiki/Special:FilePath/Concello%20de%20Castrelo%20de%20Mi%C3%B1o.jpg,https://www.castrelo.gal/
http://example.org/resource/concello/32023,http://www.wikidata.org/entity/Q1607646,32023,Q1607646,Castro Caldelas,Point(-7.415555555 42.375),42.375,-7.415555555,http://commons.wikimedia.org/wiki/Special:FilePath/19.02%20castro%20caldelas%202000.jpg,https://turismo.ribeirasacra.org/en/castro-caldelas
http://example.org/resource/concello/32024,http://www.wikidata.org/entity/Q1605505,32024,Q1605505,Celanova,Point(-7.956666666 42.150833333),42.150833333,-7.956666666,http://commons.wikimedia.org/wiki/Special:FilePath/Casa%20do%20concello%20de%20Celanova%20-%20Galiza.jpg,http://www.celanova.gal/
http://example.org/resource/concello/32025,http://www.wikidata.org/entity/Q1607762,32025,Q1607762,Cenlle,Point(-8.087777777 42.3425),42.3425,-8.087777777,http://commons.wikimedia.org/wiki/Special:FilePath/Casa%20do%20concello%20de%20Cenlle.jpg,
http://example.org/resource/concello/32026,http://www.wikidata.org/entity/Q1605474,32026,Q1605474,Coles,Point(-7.839722222 42.412222222),42.412222222,-7.839722222,http://commons.wikimedia.org/wiki/Special:FilePath/Casa%20do%20Concello%20de%20Coles.JPG,http://www.concellodecoles.org/
http://example.org/resource/concello/32027,http://www.wikidata.org/entity/Q1645016,32027,Q1645016,Cortegada,Point(-8.169166666 42.206944444),42.206944444,-8.169166666,http://commons.wikimedia.org/wiki/Special:FilePath/Concello%20de%20Cortegada.JPG,
http://example.org/resource/concello/32028,http://www.wikidata.org/entity/Q601546,32028,Q601546,Cualedro,Point(-7.583055555 41.983055555),41.983055555,-7.583055555,http://commons.wikimedia.org/wiki/Special:FilePath/Parroquia%20Santa%20Mar%C3%ADa%20Cualedro%2006.JPG,
http://example.org/resource/concello/32029,http://www.wikidata.org/entity/Q1628152,32029,Q1628152,Chandreja de Queija,Point(-7.426111111 42.240277777),42.240277777,-7.426111111,http://commons.wikimedia.org/wiki/Special:FilePath/Chandrexa%20de%20Queixa%2C%20Celeiros%2C%20Casa%20do%20Concello.JPG,
http://example.org/resource/concello/32030,http://www.wikidata.org/entity/Q1606243,32030,Q1606243,Entrimo,Point(-8.140833333 41.940833333),41.940833333,-8.140833333,http://commons.wikimedia.org/wiki/Special:FilePath/Igrexaentrimonoinverno.JPG,
http://example.org/resource/concello/32031,http://www.wikidata.org/entity/Q1607520,32031,Q1607520,Esgos,Point(-7.697222222 42.325),42.325,-7.697222222,http://commons.wikimedia.org/wiki/Special:FilePath/Esgos%2C%2001-05.JPG,http://www.concelloesgos.com/
http://example.org/resource/concello/32032,http://www.wikidata.org/entity/Q918637,32032,Q918637,Ginzo de Limia,Point(-7.723888888 42.063611111),42.063611111,-7.723888888,http://commons.wikimedia.org/wiki/Special:FilePath/Mosteiro%20do%20Bon%20Xes%C3%BAs%20de%20Trandeiras%20-%20Xinzo%20de%20Limia%20-%20Ourense.jpg,https://www.xinzodelimia.gal/
http://example.org/resource/concello/32034,http://www.wikidata.org/entity/Q677485,32034,Q677485,La Gudiña,Point(-7.137841666 42.060794444),42.060794444,-7.137841666,http://commons.wikimedia.org/wiki/Special:FilePath/A%20Gudi%C3%B1a%2002.jpg,
http://example.org/resource/concello/32035,http://www.wikidata.org/entity/Q663077,32035,Q663077,Irijo,Point(-8.118333333 42.511944444),42.511944444,-8.118333333,http://commons.wikimedia.org/wiki/Special:FilePath/Casa%20do%20Concello%20do%20Irixo.JPG,
http://example.org/resource/concello/32036,http://www.wikidata.org/entity/Q1607462,32036,Q1607462,Junquera de Ambía,Point(-7.734986111 42.204291666),42.204291666,-7.734986111,http://commons.wikimedia.org/wiki/Special:FilePath/Concello%20do%20Xunqueira%20de%20Amb%C3%ADa.JPG,http://xunqueiradeambia.org/
http://example.org/resource/concello/32037,http://www.wikidata.org/entity/Q1596784,32037,Q1596784,Junquera de Espadañedo,Point(-7.628611111 42.3175),42.3175,-7.628611111,http://commons.wikimedia.org/wiki/Special:FilePath/Xunqueira%20de%20Espada%C3%B1edo.JPG,https://www.xunqueiradeespadanedo.es/gl/
http://example.org/resource/concello/32038,http://www.wikidata.org/entity/Q1631787,32038,Q1631787,Laroco,Point(-7.1632358 42.3466038),42.3466038,-7.1632358,http://commons.wikimedia.org/wiki/Special:FilePath/Igrexia%20de%20Larouco.jpg,
http://example.org/resource/concello/32039,http://www.wikidata.org/entity/Q1631843,32039,Q1631843,Laza,Point(-7.461388888 42.060555555),42.060555555,-7.461388888,http://commons.wikimedia.org/wiki/Special:FilePath/Igrexa%20de%20Santa%20Mar%C3%ADa%20de%20Retorta%2C%20Laza.jpg,http://www.laza.es/
http://example.org/resource/concello/32040,http://www.wikidata.org/entity/Q1607634,32040,Q1607634,Leiro,Point(-8.124722222 42.369166666),42.369166666,-8.124722222,http://commons.wikimedia.org/wiki/Special:FilePath/Mosteiro%20de%20San%20Clodio%20de%20Leiro%202.jpg,http://www.concellodeleiro.com/
http://example.org/resource/concello/32041,http://www.wikidata.org/entity/Q1644975,32041,Q1644975,Lobera,Point(-8.043055555 41.998888888),41.998888888,-8.043055555,http://commons.wikimedia.org/wiki/Special:FilePath/Casa%20concello%2C%20Lobeira%2C%20Ourense%2007.JPG,http://www.lobeira.es/
http://example.org/resource/concello/32042,http://www.wikidata.org/entity/Q1606028,32042,Q1606028,Lobios,Point(-8.084444444 41.875277777),41.875277777,-8.084444444,http://commons.wikimedia.org/wiki/Special:FilePath/Concello%20de%20Lobios.JPG,https://www.lobios.org/
http://example.org/resource/concello/32043,http://www.wikidata.org/entity/Q1617896,32043,Q1617896,Maceda,Point(-7.650832 42.2707963),42.2707963,-7.650832,http://commons.wikimedia.org/wiki/Special:FilePath/Concello%20de%20Maceda.jpg,http://www.concellodemaceda.com/
http://example.org/resource/concello/32045,http://www.wikidata.org/entity/Q1605484,32045,Q1605484,Maside,Point(-8.024166666 42.413055555),42.413055555,-8.024166666,http://commons.wikimedia.org/wiki/Special:FilePath/Casa%20do%20concello%20de%20Maside.JPG,http://www.concellodemaside.gal/
http://example.org/resource/concello/32047,http://www.wikidata.org/entity/Q1607660,32047,Q1607660,La Merca,Point(-7.905277777 42.223055555),42.223055555,-7.905277777,http://commons.wikimedia.org/wiki/Special:FilePath/Casa%20do%20Concello%20da%20Merca.JPG,
http://example.org/resource/concello/32048,http://www.wikidata.org/entity/Q1627569,32048,Q1627569,La Mezquita,Point(-7.0451474 42.0114543),42.0114543,-7.0451474,http://commons.wikimedia.org/wiki/Special:FilePath/Concello%20da%20Mezquita.JPG,https://amezquita.gal/
http://example.org/resource/concello/32050,http://www.wikidata.org/entity/Q1452663,32050,Q1452663,Monterrey,Point(-7.4491474 41.9467657),41.9467657,-7.4491474,http://commons.wikimedia.org/wiki/Special:FilePath/Monterrei%20Galiza.JPG,https://www.monterrei.es/
http://example.org/resource/concello/32051,http://www.wikidata.org/entity/Q1607719,32051,Q1607719,Muiños,Point(-7.985555555 41.954166666),41.954166666,-7.985555555,http://commons.wikimedia.org/wiki/Special:FilePath/Casa%20consistorial%20de%20Mu%C3%AD%C3%B1os.jpg,
http://example.org/resource/concello/32052,http://www.wikidata.org/entity/Q577578,32052,Q577578,Nogueira de Ramuín,Point(-7.753055555 42.419722222),42.419722222,-7.753055555,http://commons.wikimedia.org/wiki/Special:FilePath/Nogueira%20de%20Ramu%C3%ADn%2C%20Casa%20Consistorial.JPG,http://www.nogueiraderamuin.gal
http://example.org/resource/concello/32053,http://www.wikidata.org/entity/Q523774,32053,Q523774,Oimbra,Point(-7.4725 41.885277777),41.885277777,-7.4725,http://commons.wikimedia.org/wiki/Special:FilePath/Iglesia%20de%20Santa%20Mar%C3%ADa%20de%20Videferre.jpg,
http://example.org/resource/concello/32054,http://www.wikidata.org/entity/Q99151,32054,Q99151,Orense,Point(-7.86406 42.33556),42.33556,-7.86406,http://commons.wikimedia.org/wiki/Special:FilePath/Roman%20bridge%2C%20Ourense%20%28Spain%29.jpg,http://www.ourense.gal/gl/
http://example.org/resource/concello/32055,http://www.wikidata.org/entity/Q1445723,32055,Q1445723,Paderne de Allariz,Point(-7.745833333 42.2775),42.2775,-7.745833333,http://commons.wikimedia.org/wiki/Special:FilePath/Paderne%20en%20Ourense%20Galicia.jpg,
http://example.org/resource/concello/32056,http://www.wikidata.org/entity/Q1607736,32056,Q1607736,Padrenda,Point(-8.1582888 42.1394277),42.1394277,-8.1582888,http://commons.wikimedia.org/wiki/Special:FilePath/Concello%20de%20Padrenda.JPG,http://www.concellodepadrenda.com/
http://example.org/resource/concello/32057,http://www.wikidata.org/entity/Q1632841,32057,Q1632841,Parada del Sil,Point(-7.568888888 42.383055555),42.383055555,-7.568888888,http://commons.wikimedia.org/wiki/Special:FilePath/Concello%20de%20Parada%20do%20Sil.JPG,
http://example.org/resource/concello/32058,http://www.wikidata.org/entity/Q1603774,32058,Q1603774,Pereiro de Aguiar,Point(-7.8002637 42.3463433),42.3463433,-7.8002637,http://commons.wikimedia.org/wiki/Special:FilePath/Vista%20O%20Pereiro%20de%20Aguiar%2C%20Ourense.JPG,https://pereiro.gal/
http://example.org/resource/concello/32059,http://www.wikidata.org/entity/Q1603795,32059,Q1603795,La Peroja,Point(-7.793333333 42.438888888),42.438888888,-7.793333333,http://commons.wikimedia.org/wiki/Special:FilePath/OspearesCapela2.jpg,http://www.aperoxa.es
http://example.org/resource/concello/32060,http://www.wikidata.org/entity/Q670366,32060,Q670366,Petín,Point(-7.125833333 42.382222222),42.382222222,-7.125833333,http://commons.wikimedia.org/wiki/Special:FilePath/Casa%20concello%20Pet%C3%ADn.jpg,
http://example.org/resource/concello/32061,http://www.wikidata.org/entity/Q934212,32061,Q934212,Piñor,Point(-8.005 42.497777777),42.497777777,-8.005,http://commons.wikimedia.org/wiki/Special:FilePath/Casa%20do%20concello%20de%20Pi%C3%B1or.JPG,http://www.pinor.es/index.php/gl/
http://example.org/resource/concello/32062,http://www.wikidata.org/entity/Q1631352,32062,Q1631352,Porquera,Point(-7.844444444 42.017777777),42.017777777,-7.844444444,http://commons.wikimedia.org/wiki/Special:FilePath/Torre%20da%20Forxa.JPG,
http://example.org/resource/concello/32063,http://www.wikidata.org/entity/Q1453218,32063,Q1453218,Puebla de Trives,Point(-7.253055555 42.339444444),42.339444444,-7.253055555,http://commons.wikimedia.org/wiki/Special:FilePath/A%20Pobra%20de%20Trives%2C%20Casa%20do%20Concello.JPG,
http://example.org/resource/concello/32064,http://www.wikidata.org/entity/Q1628449,32064,Q1628449,Puentedeva,Point(-8.139166666 42.168611111),42.168611111,-8.139166666,http://commons.wikimedia.org/wiki/Special:FilePath/Concello%20de%20Pontedeva.JPG,
http://example.org/resource/concello/32067,http://www.wikidata.org/entity/Q542228,32067,Q542228,Rairiz de Veiga,Point(-7.832222222 42.083055555),42.083055555,-7.832222222,http://commons.wikimedia.org/wiki/Special:FilePath/Concello%20de%20Rairiz%20de%20Veiga.JPG,https://rairizdeveiga.es/
http://example.org/resource/concello/32068,http://www.wikidata.org/entity/Q605058,32068,Q605058,Ramiranes,Point(-8.025277777 42.185277777),42.185277777,-8.025277777,http://commons.wikimedia.org/wiki/Special:FilePath/Iglesia%20de%20San%20Pedro%20de%20Ramir%C3%A1s%20%282%29.jpg,http://www.concelloderamiras.gal/
http://example.org/resource/concello/32069,http://www.wikidata.org/entity/Q917180,32069,Q917180,Ribadavia,Point(-8.14313 42.28821),42.28821,-8.14313,http://commons.wikimedia.org/wiki/Special:FilePath/Ribadavia%20060115%2055%20copy.jpg,
http://example.org/resource/concello/32071,http://www.wikidata.org/entity/Q1645023,32071,Q1645023,Riós,Point(-7.2825 41.974166666),41.974166666,-7.2825,http://commons.wikimedia.org/wiki/Special:FilePath/Casa%20concello%20Ri%C3%B3s.JPG,https://concelloderios.info/es/
http://example.org/resource/concello/32072,http://www.wikidata.org/entity/Q1607619,32072,Q1607619,Rúa,Point(-7.114141666 42.395088888),42.395088888,-7.114141666,http://commons.wikimedia.org/wiki/Special:FilePath/Casa%20do%20concello%20da%20R%C3%BAa%2C%20provincia%20de%20Ourense.jpg,http://www.arua.es/
http://example.org/resource/concello/32073,http://www.wikidata.org/entity/Q516631,32073,Q516631,Rubiana,Point(-6.948888888 42.449722222),42.449722222,-6.948888888,http://commons.wikimedia.org/wiki/Special:FilePath/Casa%20do%20concello%20de%20Rubi%C3%A1%2C%20provincia%20de%20Ourense.jpg,https://rubia.es/
http://example.org/resource/concello/32074,http://www.wikidata.org/entity/Q1606281,32074,Q1606281,San Amaro,Point(-8.073055555 42.373055555),42.373055555,-8.073055555,http://commons.wikimedia.org/wiki/Special:FilePath/Concello%20de%20San%20Amaro.JPG,https://sanamaro.sedelectronica.gal/info.2
http://example.org/resource/concello/32075,http://www.wikidata.org/entity/Q973465,32075,Q973465,San Ciprián de Viñas,Point(-7.871388888 42.296944444),42.296944444,-7.871388888,http://commons.wikimedia.org/wiki/Special:FilePath/Casa%20concello%20San%20Cibrao%20das%20Vi%C3%B1as.jpg,https://sancibrao.es/
http://example.org/resource/concello/32076,http://www.wikidata.org/entity/Q1603760,32076,Q1603760,San Cristóbal de Cea,Point(-7.98601 42.47503),42.47503,-7.98601,http://commons.wikimedia.org/wiki/Special:FilePath/Cea%2C%20praza%20do%20rel%C3%B3%2001-06.JPG,https://www.concellodecea.com
http://example.org/resource/concello/32077,http://www.wikidata.org/entity/Q910396,32077,Q910396,Sandianes,Point(-7.756666666 42.111111111),42.111111111,-7.756666666,http://commons.wikimedia.org/wiki/Special:FilePath/Sandias%2010%20by-dpc.jpg,http://www.sandias.es
http://example.org/resource/concello/32078,http://www.wikidata.org/entity/Q1607778,32078,Q1607778,Sarreaus,Point(-7.603333333 42.086666666),42.086666666,-7.603333333,http://commons.wikimedia.org/wiki/Special:FilePath/Casa%20do%20concello%20de%20Sarreaus.JPG,http://www.concellosarreaus.com/
http://example.org/resource/concello/32079,http://www.wikidata.org/entity/Q970921,32079,Q970921,Taboadela,Point(-7.825 42.240833333),42.240833333,-7.825,http://commons.wikimedia.org/wiki/Special:FilePath/Casa%20do%20Concello%20de%20Taboadela.JPG,https://concellodetaboadela.com/
http://example.org/resource/concello/32080,http://www.wikidata.org/entity/Q973967,32080,Q973967,La Teijeira,Point(-7.474166666 42.391666666),42.391666666,-7.474166666,http://commons.wikimedia.org/wiki/Special:FilePath/Concello%20da%20Teixeira.JPG,http://www.ateixeira.es/
http://example.org/resource/concello/32081,http://www.wikidata.org/entity/Q943030,32081,Q943030,Toén,Point(-7.953888888 42.314722222),42.314722222,-7.953888888,http://commons.wikimedia.org/wiki/Special:FilePath/Concello%20de%20To%C3%A9n.JPG,http://toen.gal/
http://example.org/resource/concello/32083,http://www.wikidata.org/entity/Q1650607,32083,Q1650607,La Vega,Point(-7.026197222 42.25005),42.25005,-7.026197222,http://commons.wikimedia.org/wiki/Special:FilePath/Concello%20da%20Veiga.jpg,https://www.aveiga.gal/
http://example.org/resource/concello/32083,http://www.wikidata.org/entity/Q1650607,32083,Q1650607,La Vega,Point(-6.93966 42.27249),42.27249,-6.93966,http://commons.wikimedia.org/wiki/Special:FilePath/Concello%20da%20Veiga.jpg,https://www.aveiga.gal/
http://example.org/resource/concello/32084,http://www.wikidata.org/entity/Q1628482,32084,Q1628482,Verea,Point(-7.993611111 42.093888888),42.093888888,-7.993611111,http://commons.wikimedia.org/wiki/Special:FilePath/44923764%20Nigueiroa.jpg,https://www.concellodeverea.gal/
http://example.org/resource/concello/32085,http://www.wikidata.org/entity/Q176504,32085,Q176504,Verín,Point(-7.435833333 41.940833333),41.940833333,-7.435833333,http://commons.wikimedia.org/wiki/Special:FilePath/Casa%20do%20Concello%20de%20Ver%C3%ADn.JPG,https://www.verin.gal/
http://example.org/resource/concello/32086,http://www.wikidata.org/entity/Q1627561,32086,Q1627561,Viana del Bollo,Point(-7.111111111 42.179444444),42.179444444,-7.111111111,http://commons.wikimedia.org/wiki/Special:FilePath/Viana%20do%20Bolo%20-%20parte%20alta%20e%20castelo.jpg,http://vianadobolo.gal/
http://example.org/resource/concello/32087,http://www.wikidata.org/entity/Q1627625,32087,Q1627625,Villamarín,Point(-7.89 42.464166666),42.464166666,-7.89,http://commons.wikimedia.org/wiki/Special:FilePath/Concello%20de%20Vilamar%C3%ADn.jpg,http://www.vilamarin.es
http://example.org/resource/concello/32088,http://www.wikidata.org/entity/Q1618272,32088,Q1618272,Villamartín de Valdeorras,Point(-7.059166666 42.415555555),42.415555555,-7.059166666,http://commons.wikimedia.org/wiki/Special:FilePath/Casa%20concello%2C%20Vilamart%C3%ADn%20de%20Valdeorras%2C%20Ourense.jpg,http://www.vilamartindevaldeorras.es
http://example.org/resource/concello/32089,http://www.wikidata.org/entity/Q515061,32089,Q515061,Villar de Barrio,Point(-7.611666666 42.159722222),42.159722222,-7.611666666,http://commons.wikimedia.org/wiki/Special:FilePath/Capilla%20de%20San%20Lorenzo.JPG,http://vilardebarrio.gal/
http://example.org/resource/concello/32089,http://www.wikidata.org/entity/Q515061,32089,Q515061,Villar de Barrio,Point(-7.611666666 42.159722222),42.159722222,-7.611666666,http://commons.wikimedia.org/wiki/Special:FilePath/Capilla%20de%20San%20Lorenzo.JPG,https://vilardebarrio.gal/
http://example.org/resource/concello/32091,http://www.wikidata.org/entity/Q1629581,32091,Q1629581,Villardevós,Point(-7.313055555 41.906944444),41.906944444,-7.313055555,http://commons.wikimedia.org/wiki/Special:FilePath/Casa%20consistorial%20de%20Vilardev%C3%B3s.jpg,https://www.vilardevos.gal/
http://example.org/resource/concello/32092,http://www.wikidata.org/entity/Q1629552,32092,Q1629552,Villarino de Conso,Point(-7.171111111 42.176944444),42.176944444,-7.171111111,http://commons.wikimedia.org/wiki/Special:FilePath/Concello%20de%20Vilari%C3%B1o%20de%20Conso.jpg,http://www.vilarinodeconso.es/index.php/gl/
http://example.org/resource/concello/36001,http://www.wikidata.org/entity/Q630031,36001,Q630031,Arbo,Point(-8.3123868 42.1122944),42.1122944,-8.3123868,http://commons.wikimedia.org/wiki/Special:FilePath/Concello%20de%20Arbo.JPG,https://www.concellodearbo.es/
http://example.org/resource/concello/36002,http://www.wikidata.org/entity/Q1645010,36002,Q1645010,Barro,Point(-8.647222222 42.525),42.525,-8.647222222,http://commons.wikimedia.org/wiki/Special:FilePath/Barro%2001-01a.jpg,http://www.barro.es
http://example.org/resource/concello/36003,http://www.wikidata.org/entity/Q748867,36003,Q748867,Bayona,Point(-8.8500865 42.1199257),42.1199257,-8.8500865,http://commons.wikimedia.org/wiki/Special:FilePath/Vista%20do%20porto%20de%20Baiona%20desde%20Monterreal-cropped.jpg,http://www.baiona.gal
http://example.org/resource/concello/36004,http://www.wikidata.org/entity/Q1632909,36004,Q1632909,Bueu,Point(-8.7859271 42.324878),42.324878,-8.7859271,http://commons.wikimedia.org/wiki/Special:FilePath/Vila%20de%20Bueu.jpg,http://www.concellodebueu.gal
http://example.org/resource/concello/36005,http://www.wikidata.org/entity/Q1448886,36005,Q1448886,Caldas de Reyes,Point(-8.638333 42.602778),42.602778,-8.638333,http://commons.wikimedia.org/wiki/Special:FilePath/Santa%20Mar%C3%ADa%20de%20Bemil.jpg,http://www.caldasdereis.com/
http://example.org/resource/concello/36006,http://www.wikidata.org/entity/Q695477,36006,Q695477,Cambados,Point(-8.8138414 42.51439),42.51439,-8.8138414,http://commons.wikimedia.org/wiki/Special:FilePath/Cambados.jpeg,http://www.cambados.es/
http://example.org/resource/concello/36006,http://www.wikidata.org/entity/Q695477,36006,Q695477,Cambados,Point(-8.8138414 42.51439),42.51439,-8.8138414,http://commons.wikimedia.org/wiki/Special:FilePath/Cambados.jpeg,http://www.cambados.gal
http://example.org/resource/concello/36007,http://www.wikidata.org/entity/Q1607577,36007,Q1607577,Campo Lameiro,Point(-8.50996793 42.5378633),42.5378633,-8.50996793,http://commons.wikimedia.org/wiki/Special:FilePath/Casa%20do%20concello%20de%20Campo%20Lameiro.%20Galiza.%20CL25.jpg,http://campolameiro.org/
http://example.org/resource/concello/36008,http://www.wikidata.org/entity/Q1628188,36008,Q1628188,Cangas de Morrazo,Point(-8.789840959 42.27790245),42.27790245,-8.789840959,http://commons.wikimedia.org/wiki/Special:FilePath/Vila%20de%20Cangas.jpg,http://www.cangas.org/
http://example.org/resource/concello/36009,http://www.wikidata.org/entity/Q969445,36009,Q969445,La Cañiza,Point(-8.274444444 42.212777777),42.212777777,-8.274444444,http://commons.wikimedia.org/wiki/Special:FilePath/Concello%20da%20Ca%C3%B1iza.JPG,http://www.caniza.org
http://example.org/resource/concello/36010,http://www.wikidata.org/entity/Q377244,36010,Q377244,Catoria,Point(-8.7149306 42.6611376),42.6611376,-8.7149306,http://commons.wikimedia.org/wiki/Special:FilePath/Casa%20consistorial%20de%20Catoira.jpg,http://www.catoira.gal/
http://example.org/resource/concello/36013,http://www.wikidata.org/entity/Q305392,36013,Q305392,Covelo,Point(-8.3632127 42.2314412),42.2314412,-8.3632127,http://commons.wikimedia.org/wiki/Special:FilePath/Concello%20de%20Covelo.JPG,http://www.concellodecovelo.es/
http://example.org/resource/concello/36014,http://www.wikidata.org/entity/Q1627605,36014,Q1627605,Creciente,Point(-8.2225 42.1525),42.1525,-8.2225,http://commons.wikimedia.org/wiki/Special:FilePath/Concello%20de%20Crecente.JPG,http://www.crecente.gal/
http://example.org/resource/concello/36015,http://www.wikidata.org/entity/Q1631860,36015,Q1631860,Cuntis,Point(-8.5617942 42.6353362),42.6353362,-8.5617942,http://commons.wikimedia.org/wiki/Special:FilePath/Casa%20concello%20Cuntis%202.jpg,https://concellodecuntis.org
http://example.org/resource/concello/36016,http://www.wikidata.org/entity/Q1614585,36016,Q1614585,Dozón,Point(-8.046719628 42.59534205),42.59534205,-8.046719628,http://commons.wikimedia.org/wiki/Special:FilePath/Casa%20do%20Concello%20de%20Doz%C3%B3n.JPG,
http://example.org/resource/concello/36017,http://www.wikidata.org/entity/Q1621191,36017,Q1621191,La Estrada,Point(-8.487222222 42.689166666),42.689166666,-8.487222222,http://commons.wikimedia.org/wiki/Special:FilePath/A%20Estrada.Galicia.Concello.jpg,http://www.aestrada.com/
http://example.org/resource/concello/36018,http://www.wikidata.org/entity/Q385667,36018,Q385667,Forcarey,Point(-8.3500953 42.5922339),42.5922339,-8.3500953,http://commons.wikimedia.org/wiki/Special:FilePath/Concello%20de%20Forcarei.jpg,https://www.forcarei.gal/
http://example.org/resource/concello/36019,http://www.wikidata.org/entity/Q525124,36019,Q525124,Fornelos de Montes,Point(-8.451388888 42.340277777),42.340277777,-8.451388888,http://commons.wikimedia.org/wiki/Special:FilePath/Casa%20consistorial%20de%20Fornelos%20de%20Montes.jpg,http://fornelos.gal/
http://example.org/resource/concello/36020,http://www.wikidata.org/entity/Q395225,36020,Q395225,Golada,Point(-8.019722 42.762222),42.762222,-8.019722,http://commons.wikimedia.org/wiki/Special:FilePath/Casa%20do%20Concello%20de%20Agolada.JPG,http://www.agolada.es/
http://example.org/resource/concello/36021,http://www.wikidata.org/entity/Q1607596,36021,Q1607596,Gondomar,Point(-8.761388888 42.110833333),42.110833333,-8.761388888,http://commons.wikimedia.org/wiki/Special:FilePath/Casa%20do%20Concello%20de%20Gondomar.JPG,https://concellodegondomar.gal/
http://example.org/resource/concello/36022,http://www.wikidata.org/entity/Q929161,36022,Q929161,El Grove,Point(-8.8640902 42.4953017),42.4953017,-8.8640902,http://commons.wikimedia.org/wiki/Special:FilePath/O%20Grove%20Concello%2001-02.jpg,http://www.concellodogrove.es
http://example.org/resource/concello/36023,http://www.wikidata.org/entity/Q300433,36023,Q300433,La Guardia,Point(-8.8754007 41.9016436),41.9016436,-8.8754007,http://commons.wikimedia.org/wiki/Special:FilePath/Casa%20do%20concello%20da%20Guarda.%20Galiza%20G57.jpg,http://www.aguarda.es
http://example.org/resource/concello/36024,http://www.wikidata.org/entity/Q1374736,36024,Q1374736,Lalín,Point(-8.1109759 42.6614127),42.6614127,-8.1109759,http://commons.wikimedia.org/wiki/Special:FilePath/Lalin.%20Corpino.%20Galiza%2002.jpg,http://www.lalin.gal/
http://example.org/resource/concello/36025,http://www.wikidata.org/entity/Q1644983,36025,Q1644983,La Lama,Point(-8.442307 42.396854),42.396854,-8.442307,http://commons.wikimedia.org/wiki/Special:FilePath/Casa%20consistorial%20da%20Lama.jpg,http://concellodalama.weebly.com/
http://example.org/resource/concello/36026,http://www.wikidata.org/entity/Q634078,36026,Q634078,Marín,Point(-8.698888888 42.392777777),42.392777777,-8.698888888,http://commons.wikimedia.org/wiki/Special:FilePath/Casa%20do%20concello%20Mar%C3%ADn.jpg,http://www.concellodemarin.es/
http://example.org/resource/concello/36027,http://www.wikidata.org/entity/Q1607447,36027,Q1607447,Meaño,Point(-8.7825181 42.4452125),42.4452125,-8.7825181,http://commons.wikimedia.org/wiki/Special:FilePath/CMea%C3%B1o.jpg,http://www.concellodemeano.com
http://example.org/resource/concello/36028,http://www.wikidata.org/entity/Q32438,36028,Q32438,Meis,Point(-8.724889747 42.4997198),42.4997198,-8.724889747,http://commons.wikimedia.org/wiki/Special:FilePath/Casa%20consistorial%20de%20Meis.jpg,http://www.meis.gal/
http://example.org/resource/concello/36029,http://www.wikidata.org/entity/Q1617430,36029,Q1617430,Moaña,Point(-8.7375444 42.3072464),42.3072464,-8.7375444,http://commons.wikimedia.org/wiki/Special:FilePath/Casa%20consistorial%20de%20Moa%C3%B1a.jpg,http://www.concellodemoana.org/
http://example.org/resource/concello/36029,http://www.wikidata.org/entity/Q1617430,36029,Q1617430,Moaña,Point(-8.7375444 42.3072464),42.3072464,-8.7375444,http://commons.wikimedia.org/wiki/Special:FilePath/Moa%C3%B1a%20vista%201.JPG,http://www.concellodemoana.org/
http://example.org/resource/concello/36029,http://www.wikidata.org/entity/Q1617430,36029,Q1617430,Moaña,Point(-8.7375444 42.3072464),42.3072464,-8.7375444,http://commons.wikimedia.org/wiki/Special:FilePath/Riodafraga.jpg,http://www.concellodemoana.org/
http://example.org/resource/concello/36030,http://www.wikidata.org/entity/Q639229,36030,Q639229,Mondariz,Point(-8.453216643 42.2390797),42.2390797,-8.453216643,http://commons.wikimedia.org/wiki/Special:FilePath/Campodemouro.JPG,https://www.mondariz.gal/
http://example.org/resource/concello/36031,http://www.wikidata.org/entity/Q1614339,36031,Q1614339,Mondariz-Balneario,Point(-8.471376184 42.2197049),42.2197049,-8.471376184,http://commons.wikimedia.org/wiki/Special:FilePath/Balneario%20de%20Mondariz%20-%20Pontevedra.jpg,https://mondarizbalneario.gal
http://example.org/resource/concello/36032,http://www.wikidata.org/entity/Q1607494,36032,Q1607494,Moraña,Point(-8.58557561 42.56274575),42.56274575,-8.58557561,http://commons.wikimedia.org/wiki/Special:FilePath/Casa%20concello%20morana%203.jpg,http://www.morana.org/concello/inicioconcello.htm
http://example.org/resource/concello/36033,http://www.wikidata.org/entity/Q1596023,36033,Q1596023,Mos,Point(-8.6312084 42.2137733),42.2137733,-8.6312084,http://commons.wikimedia.org/wiki/Special:FilePath/Casa%20consistorial%20de%20Mos.jpg,http://www.concellomos.es/
http://example.org/resource/concello/36034,http://www.wikidata.org/entity/Q1634850,36034,Q1634850,Las Nieves,Point(-8.415 42.088055555),42.088055555,-8.415,http://commons.wikimedia.org/wiki/Special:FilePath/Casa%20do%20Concello%20das%20Neves%20II.JPG,https://asneves.gal
http://example.org/resource/concello/36035,http://www.wikidata.org/entity/Q1617562,36035,Q1617562,Nigrán,Point(-8.8066339 42.1415954),42.1415954,-8.8066339,http://commons.wikimedia.org/wiki/Special:FilePath/Casa%20do%20Concello%20de%20Nigr%C3%A1n%2C%20parte%20vella.JPG,https://nigran.es
http://example.org/resource/concello/36036,http://www.wikidata.org/entity/Q1644565,36036,Q1644565,Oya,Point(-8.84424861 42.03254015),42.03254015,-8.84424861,http://commons.wikimedia.org/wiki/Special:FilePath/Oia%2C%20Mosteiro%2C%202012.JPG,http://www.concellodeoia.es/
http://example.org/resource/concello/36037,http://www.wikidata.org/entity/Q1614595,36037,Q1614595,Pazos de Borbén,Point(-8.5321052 42.293375),42.293375,-8.5321052,http://commons.wikimedia.org/wiki/Special:FilePath/Casa%20consistorial%20de%20Pazos%20de%20Borb%C3%A9n.jpg,https://pazosdeborben.gal/
http://example.org/resource/concello/36038,http://www.wikidata.org/entity/Q12411,36038,Q12411,Pontevedra,Point(-8.6475 42.433611111),42.433611111,-8.6475,http://commons.wikimedia.org/wiki/Special:FilePath/Pontevedra-Vista%20parcial%20%288663003044%29.jpg,https://pontevedra.gal/
http://example.org/resource/concello/36039,http://www.wikidata.org/entity/Q1616392,36039,Q1616392,Porriño,Point(-8.6201899 42.1618689),42.1618689,-8.6201899,http://commons.wikimedia.org/wiki/Special:FilePath/Concello%20de%20O%20Porri%C3%B1o%20%289520279433%29.jpg,https://oporrino.org/
http://example.org/resource/concello/36040,http://www.wikidata.org/entity/Q1631280,36040,Q1631280,Portas,Point(-8.657078654 42.5640304),42.5640304,-8.657078654,http://commons.wikimedia.org/wiki/Special:FilePath/Casa%20consistorial%20de%20Portas.jpg,https://portas.gal/
http://example.org/resource/concello/36041,http://www.wikidata.org/entity/Q1631776,36041,Q1631776,Poyo,Point(-8.701388888 42.440833333),42.440833333,-8.701388888,http://commons.wikimedia.org/wiki/Special:FilePath/Poio%20Concello.jpg,https://concellopoio.gal/
http://example.org/resource/concello/36042,http://www.wikidata.org/entity/Q617119,36042,Q617119,Puenteareas,Point(-8.5048936 42.1753232),42.1753232,-8.5048936,http://commons.wikimedia.org/wiki/Special:FilePath/Casa%20consistorial%20de%20Ponteareas.jpg,http://www.ponteareas.gal/
http://example.org/resource/concello/36043,http://www.wikidata.org/entity/Q1631751,36043,Q1631751,Puentecaldelas,Point(-8.5022463 42.3887716),42.3887716,-8.5022463,http://commons.wikimedia.org/wiki/Special:FilePath/Casa%20consistorial%20de%20Ponte%20Caldelas.jpg,http://www.pontecaldelas.org
http://example.org/resource/concello/36044,http://www.wikidata.org/entity/Q1627584,36044,Q1627584,Puentecesures,Point(-8.652991 42.7207856),42.7207856,-8.652991,http://commons.wikimedia.org/wiki/Special:FilePath/Puentecesures%2C%20en%20Pontevedra%20%28Espa%C3%B1a%29.jpg,http://www.pontecesures.org/
http://example.org/resource/concello/36045,http://www.wikidata.org/entity/Q833032,36045,Q833032,Redondela,Point(-8.6 42.283333),42.283333,-8.6,http://commons.wikimedia.org/wiki/Special:FilePath/Cesantes%2C%20Redondela.%20Galiza.jpg,http://www.redondela.gal
http://example.org/resource/concello/36045,http://www.wikidata.org/entity/Q833032,36045,Q833032,Redondela,Point(-8.6 42.283333),42.283333,-8.6,http://commons.wikimedia.org/wiki/Special:FilePath/Vista%20xeral%20de%20Redondela%20desde%20o%20viaduto%20do%20tren.jpg,http://www.redondela.gal
http://example.org/resource/concello/36046,http://www.wikidata.org/entity/Q1631321,36046,Q1631321,Ribadumia,Point(-8.7587747 42.5148183),42.5148183,-8.7587747,http://commons.wikimedia.org/wiki/Special:FilePath/Ribadumia%2C%20Barrantes%2C%20A%20Escusa%2001-02.JPG,https://www.ribadumia.org/
http://example.org/resource/concello/36047,http://www.wikidata.org/entity/Q1627583,36047,Q1627583,Rodeiro,Point(-7.9471823 42.6492517),42.6492517,-7.9471823,http://commons.wikimedia.org/wiki/Special:FilePath/Casa%20do%20concello%20de%20Rodeiro.JPG,http://www.rodeiro.gal/
http://example.org/resource/concello/36048,http://www.wikidata.org/entity/Q603015,36048,Q603015,El Rosal,Point(-8.825096002 41.93567215),41.93567215,-8.825096002,http://commons.wikimedia.org/wiki/Special:FilePath/Casa%20do%20concello%20de%20O%20Rosal.jpg,https://orosal.gal
http://example.org/resource/concello/36049,http://www.wikidata.org/entity/Q1629594,36049,Q1629594,Salceda de Caselas,Point(-8.557777777 42.102222222),42.102222222,-8.557777777,http://commons.wikimedia.org/wiki/Special:FilePath/Casa%20do%20concello%20de%20Salceda%20de%20Caselas.jpg,http://www.salcedadecaselas.es/
http://example.org/resource/concello/36050,http://www.wikidata.org/entity/Q1629539,36050,Q1629539,Salvatierra de Miño,Point(-8.498055555 42.083055555),42.083055555,-8.498055555,http://commons.wikimedia.org/wiki/Special:FilePath/Casa%20do%20Concello%20de%20Salvaterra%20de%20Mi%C3%B1o.JPG,http://www.concellodesalvaterra.org/
http://example.org/resource/concello/36051,http://www.wikidata.org/entity/Q840355,36051,Q840355,Sangenjo,Point(-8.8067881 42.3994567),42.3994567,-8.8067881,http://commons.wikimedia.org/wiki/Special:FilePath/Playa%20del%20Silgar%2C%20en%20Sangenjo%20%28Pontevedra%2C%20Espa%C3%B1a%29.jpg,http://www.sanxenxo.es/
http://example.org/resource/concello/36052,http://www.wikidata.org/entity/Q1607540,36052,Q1607540,Silleda,Point(-8.2466373 42.697981),42.697981,-8.2466373,http://commons.wikimedia.org/wiki/Special:FilePath/Casa%20do%20concello%20de%20Silleda.JPG,https://silleda.gal
http://example.org/resource/concello/36053,http://www.wikidata.org/entity/Q1628271,36053,Q1628271,Sotomayor,Point(-8.572718626 42.33863915),42.33863915,-8.572718626,http://commons.wikimedia.org/wiki/Special:FilePath/Soutomaior%2C%20castelo%20de.jpg,https://www.soutomaior.gal/
http://example.org/resource/concello/36054,http://www.wikidata.org/entity/Q1628263,36054,Q1628263,Tomiño,Point(-8.731405835 41.9960729),41.9960729,-8.731405835,http://commons.wikimedia.org/wiki/Special:FilePath/Vista%20Panoramica%20.jpg,https://tomino.gal
http://example.org/resource/concello/36055,http://www.wikidata.org/entity/Q824122,36055,Q824122,Tuy,Point(-8.644444 42.048056),42.048056,-8.644444,http://commons.wikimedia.org/wiki/Special:FilePath/Tui%20Mi%C3%B1o%20060415.jpg,https://tui.gal/
http://example.org/resource/concello/36056,http://www.wikidata.org/entity/Q1628179,36056,Q1628179,Valga,Point(-8.648127713 42.6892719),42.6892719,-8.648127713,http://commons.wikimedia.org/wiki/Special:FilePath/Valga%2C%20concello%2001-02.JPG,http://www.valga.gal/
http://example.org/resource/concello/36057,http://www.wikidata.org/entity/Q8745,36057,Q8745,Vigo,Point(-8.726666666 42.235833333),42.235833333,-8.726666666,http://commons.wikimedia.org/wiki/Special:FilePath/Centro%20e%20porto%20de%20Vigo%20cropped.jpg,http://vigo.gal
http://example.org/resource/concello/36058,http://www.wikidata.org/entity/Q377426,36058,Q377426,Vilaboa,Point(-8.638055555 42.359722222),42.359722222,-8.638055555,http://commons.wikimedia.org/wiki/Special:FilePath/Casa%20consistorial%20de%20Vilaboa.jpg,https://vilaboa.gal/
http://example.org/resource/concello/36059,http://www.wikidata.org/entity/Q1607479,36059,Q1607479,Villa de Cruces,Point(-8.1682653 42.7950805),42.7950805,-8.1682653,http://commons.wikimedia.org/wiki/Special:FilePath/Vila%20de%20Cruces%20-%20Galiza%20-%20070325%20074.JPG,http://www.viladecruces.org/
http://example.org/resource/concello/36060,http://www.wikidata.org/entity/Q1442637,36060,Q1442637,Villagarcía de Arosa,Point(-8.743064672 42.5950581),42.5950581,-8.743064672,http://commons.wikimedia.org/wiki/Special:FilePath/AVillagarc%C3%ADa%20de%20Arosa.pav.jpg,https://vilagarcia.gal
http://example.org/resource/concello/36061,http://www.wikidata.org/entity/Q739495,36061,Q739495,Villanueva de Arosa,Point(-8.8299345 42.5626279),42.5626279,-8.8299345,http://commons.wikimedia.org/wiki/Special:FilePath/Vilanova%20de%20Arousa.Galicia.18.jpg,http://www.vilanovadearousa.com/
http://example.org/resource/concello/36901,http://www.wikidata.org/entity/Q300446,36901,Q300446,Isla de Arosa,Point(-8.863888888 42.554444444),42.554444444,-8.863888888,http://commons.wikimedia.org/wiki/Special:FilePath/A%20Illa%20de%20Arousa.Galicia.30.jpg,http://www.ailladearousa.es/
http://example.org/resource/concello/36902,http://www.wikidata.org/entity/Q27949267,36902,Q27949267,Cerdedo-Cotobade,Point(-8.481944444 42.471944444),42.471944444,-8.481944444,http://commons.wikimedia.org/wiki/Special:FilePath/Casa%20do%20concello%20de%20Cotobade.jpg,https://www.cerdedo-cotobade.gal/
